Jar,Species,Number,Individual ID,Initial_wetweight
1,Pacific,1,1Gr,0.56
1,Olympia,1,1Gr,0.947
1,Pacific,2,1Pk,0.53
1,Olympia,2,1Pk,0.153
1,Pacific,3,1Pu,0.61
1,Olympia,3,1Pu,0.826
1,Pacific,4,1Bl,0.32
1,Olympia,4,1Bl,0.288
1,Pacific,5,1Or,0.36
1,Olympia,5,1Or,0.727
1,Pacific,6,1Bk,0.49
1,Olympia,6,1Bk,0.358
1,Pacific,7,1Rd,0.56
1,Olympia,7,1Rd,0.274
1,Pacific,8,1Wh,0.32
1,Olympia,8,1Wh,0.789
1,Pacific,9,2Gr,0.53
1,Olympia,9,2Gr,0.978
1,Pacific,10,2Pk,0.43
1,Olympia,10,2Pk,0.394
1,Pacific,11,2Pu,0.38
1,Olympia,11,2Pu,0.85
1,Pacific,12,2Bl,0.19
1,Olympia,12,2Bl,0.319
1,Pacific,13,2Or,0.29
1,Olympia,13,2Or,1.137
1,Pacific,14,2Bk,0.28
1,Olympia,14,2Bk,0.842
1,Pacific,15,2Rd,0.23
1,Olympia,15,2Rd,0.207
1,Pacific,16,2Wh,0.23
1,Olympia,16,2Wh,0.758
1,Pacific,17,3Gr,0.43
1,Olympia,17,3Gr,0.693
1,Pacific,18,3Pk,0.38
1,Olympia,18,3Pk,0.427
1,Pacific,19,3Pu,0.26
1,Olympia,19,3Pu,0.535
1,Pacific,20,3Bl,0.29
1,Olympia,20,3Bl,0.449
2,Pacific,1,1Gr,0.21
2,Olympia,1,1Gr,0.231
2,Pacific,2,1Pk,0.16
2,Olympia,2,1Pk,0.108
2,Pacific,3,1Pu,0.24
2,Olympia,3,1Pu,0.195
2,Pacific,4,1Bl,0.44
2,Olympia,4,1Bl,0.251
2,Pacific,5,1Or,0.41
2,Olympia,5,1Or,0.725
2,Pacific,6,1Bk,0.2
2,Olympia,6,1Bk,0.614
2,Pacific,7,1Rd,0.44
2,Olympia,7,1Rd,0.208
2,Pacific,8,1Wh,0.09
2,Olympia,8,1Wh,0.383
2,Pacific,9,2Gr,0.5
2,Olympia,9,2Gr,0.825
2,Pacific,10,2Pk,0.17
2,Olympia,10,2Pk,0.331
2,Pacific,11,2Pu,0.11
2,Olympia,11,2Pu,0.528
2,Pacific,12,2Bl,0.22
2,Olympia,12,2Bl,0.447
2,Pacific,13,2Or,0.14
2,Olympia,13,2Or,0.873
2,Pacific,14,2Bk,0.44
2,Olympia,14,2Bk,1.159
2,Pacific,15,2Rd,0.13
2,Olympia,15,2Rd,0.59
2,Pacific,16,2Wh,0.19
2,Olympia,16,2Wh,0.3
2,Pacific,17,3Gr,0.27
2,Olympia,17,3Gr,0.901
2,Pacific,18,3Pk,0.23
2,Olympia,18,3Pk,0.573
2,Pacific,19,3Pu,0.17
2,Olympia,19,3Pu,0.617
2,Pacific,20,3Bl,0.22
2,Olympia,20,3Bl,0.68
3,Pacific,6,1Bk,0.32
3,Olympia,6,1Bk,0.262
3,Pacific,4,1Bl,0.24
3,Olympia,4,1Bl,0.267
3,Pacific,1,1Gr,0.38
3,Olympia,1,1Gr,0.667
3,Pacific,5,1Or,0.29
3,Olympia,5,1Or,0.488
3,Pacific,2,1Pk,0.38
3,Olympia,2,1Pk,0.214
3,Pacific,3,1Pu,0.4
3,Olympia,3,1Pu,0.287
3,Pacific,7,1Rd,0.34
3,Olympia,7,1Rd,0.675
3,Pacific,8,1Wh,0.26
3,Olympia,8,1Wh,0.381
3,Pacific,14,2Bk,0.26
3,Olympia,14,2Bk,0.934
3,Pacific,12,2Bl,0.54
3,Olympia,12,2Bl,0.506
3,Pacific,9,2Gr,0.27
3,Olympia,9,2Gr,0.391
3,Pacific,13,2Or,0.29
3,Olympia,13,2Or,0.666
3,Pacific,10,2Pk,0.32
3,Olympia,10,2Pk,0.575
3,Pacific,11,2Pu,0.37
3,Olympia,11,2Pu,0.81
3,Pacific,15,2Rd,0.75
3,Olympia,15,2Rd,0.653
3,Pacific,16,2Wh,0.38
3,Olympia,16,2Wh,0.575
3,Pacific,20,3Bl,0.14
3,Olympia,20,3Bl,0.689
3,Pacific,17,3Gr,0.46
3,Olympia,17,3Gr,1.005
3,Pacific,18,3Pk,0.38
3,Olympia,18,3Pk,1.19
3,Pacific,19,3Pu,0.2
3,Olympia,19,3Pu,0.898
4,Pacific,6,1Bk,0.19
4,Olympia,6,1Bk,0.445
4,Pacific,4,1Bl,0.27
4,Olympia,4,1Bl,0.227
4,Pacific,1,1Gr,0.3
4,Olympia,1,1Gr,0.294
4,Pacific,5,1Or,0.35
4,Olympia,5,1Or,0.218
4,Pacific,2,1Pk,0.4
4,Olympia,2,1Pk,0.151
4,Pacific,3,1Pu,0.44
4,Olympia,3,1Pu,0.268
4,Pacific,7,1Rd,0.41
4,Olympia,7,1Rd,0.116
4,Pacific,8,1Wh,0.12
4,Olympia,8,1Wh,0.728
4,Pacific,14,2Bk,0.15
4,Olympia,14,2Bk,0.474
4,Pacific,12,2Bl,0.34
4,Olympia,12,2Bl,0.594
4,Pacific,9,2Gr,0.3
4,Olympia,9,2Gr,0.829
4,Pacific,13,2Or,0.21
4,Olympia,13,2Or,0.171
4,Pacific,10,2Pk,0.34
4,Olympia,10,2Pk,0.313
4,Pacific,11,2Pu,0.32
4,Olympia,11,2Pu,0.386
4,Pacific,15,2Rd,0.29
4,Olympia,15,2Rd,0.665
4,Pacific,16,2Wh,0.45
4,Olympia,16,2Wh,0.78
4,Pacific,20,3Bl,0.3
4,Olympia,20,3Bl,0.601
4,Pacific,17,3Gr,0.58
4,Olympia,17,3Gr,1.002
4,Pacific,18,3Pk,0.37
4,Olympia,18,3Pk,0.742
4,Pacific,19,3Pu,0.44
4,Olympia,19,3Pu,0.477
5,Pacific,6,1Bk,0.23
5,Olympia,6,1Bk,0.379
5,Pacific,4,1Bl,0.12
5,Olympia,4,1Bl,0.306
5,Pacific,1,1Gr,0.17
5,Olympia,1,1Gr,0.338
5,Pacific,5,1Or,0.12
5,Olympia,5,1Or,0.27
5,Pacific,2,1Pk,0.15
5,Olympia,2,1Pk,0.225
5,Pacific,3,1Pu,0.14
5,Olympia,3,1Pu,0.237
5,Pacific,7,1Rd,0.42
5,Olympia,7,1Rd,0.353
5,Pacific,8,1Wh,0.34
5,Olympia,8,1Wh,0.206
5,Pacific,14,2Bk,0.41
5,Olympia,14,2Bk,0.404
5,Pacific,12,2Bl,0.2
5,Olympia,12,2Bl,0.478
5,Pacific,9,2Gr,0.23
5,Olympia,9,2Gr,0.391
5,Pacific,13,2Or,0.1
5,Olympia,13,2Or,0.435
5,Pacific,10,2Pk,0.18
5,Olympia,10,2Pk,0.438
5,Pacific,11,2Pu,0.25
5,Olympia,11,2Pu,0.342
5,Pacific,15,2Rd,0.31
5,Olympia,15,2Rd,0.465
5,Pacific,16,2Wh,0.4
5,Olympia,16,2Wh,0.463
5,Pacific,20,3Bl,0.28
5,Olympia,20,3Bl,1.095
5,Pacific,17,3Gr,0.33
5,Olympia,17,3Gr,0.514
5,Pacific,18,3Pk,0.56
5,Olympia,18,3Pk,0.867
5,Pacific,19,3Pu,0.39
5,Olympia,19,3Pu,1.005
6,Pacific,6,1Bk,0.18
6,Olympia,6,1Bk,0.633
6,Pacific,4,1Bl,0.21
6,Olympia,4,1Bl,0.19
6,Pacific,1,1Gr,0.34
6,Olympia,1,1Gr,0.181
6,Pacific,5,1Or,0.19
6,Olympia,5,1Or,0.656
6,Pacific,2,1Pk,0.22
6,Olympia,2,1Pk,0.146
6,Pacific,3,1Pu,0.34
6,Olympia,3,1Pu,0.194
6,Pacific,7,1Rd,0.09
6,Olympia,7,1Rd,0.676
6,Pacific,8,1Wh,0.18
6,Olympia,8,1Wh,0.816
6,Pacific,14,2Bk,0.19
6,Olympia,14,2Bk,1.121
6,Pacific,12,2Bl,0.3
6,Olympia,12,2Bl,0.232
6,Pacific,9,2Gr,0.33
6,Olympia,9,2Gr,0.762
6,Pacific,13,2Or,0.22
6,Olympia,13,2Or,0.525
6,Pacific,10,2Pk,0.27
6,Olympia,10,2Pk,0.391
6,Pacific,11,2Pu,0.3
6,Olympia,11,2Pu,0.28
6,Pacific,15,2Rd,0.28
6,Olympia,15,2Rd,0.484
6,Pacific,16,2Wh,0.25
6,Olympia,16,2Wh,0.622
6,Pacific,20,3Bl,0.28
6,Olympia,20,3Bl,0.597
6,Pacific,17,3Gr,0.55
6,Olympia,17,3Gr,0.037
6,Pacific,18,3Pk,0.41
6,Olympia,18,3Pk,0.604
6,Pacific,19,3Pu,0.6
6,Olympia,19,3Pu,0.61
7,Pacific,6,1Bk,0.19
7,Olympia,6,1Bk,0.672
7,Pacific,4,1Bl,0.11
7,Olympia,4,1Bl,0.363
7,Pacific,1,1Gr,0.09
7,Olympia,1,1Gr,0.554
7,Pacific,5,1Or,0.26
7,Olympia,5,1Or,0.332
7,Pacific,2,1Pk,0.08
7,Olympia,2,1Pk,0.51
7,Pacific,3,1Pu,0.19
7,Olympia,3,1Pu,0.446
7,Pacific,7,1Rd,0.08
7,Olympia,7,1Rd,0.36
7,Pacific,8,1Wh,0.15
7,Olympia,8,1Wh,0.592
7,Pacific,14,2Bk,0.15
7,Olympia,14,2Bk,0.874
7,Pacific,12,2Bl,0.27
7,Olympia,12,2Bl,0.748
7,Pacific,9,2Gr,0.23
7,Olympia,9,2Gr,0.457
7,Pacific,13,2Or,0.3
7,Olympia,13,2Or,0.459
7,Pacific,10,2Pk,0.23
7,Olympia,10,2Pk,0.632
7,Pacific,11,2Pu,0.33
7,Olympia,11,2Pu,0.703
7,Pacific,15,2Rd,0.43
7,Olympia,15,2Rd,0.308
7,Pacific,16,2Wh,0.25
7,Olympia,16,2Wh,0.395
7,Pacific,20,3Bl,0.25
7,Olympia,20,3Bl,0.577
7,Pacific,17,3Gr,0.32
7,Olympia,17,3Gr,0.398
7,Pacific,18,3Pk,0.46
7,Olympia,18,3Pk,0.535
7,Pacific,19,3Pu,0.27
7,Olympia,19,3Pu,0.846
8,Pacific,6,1Bk,0.09
8,Olympia,6,1Bk,0.2
8,Pacific,4,1Bl,0.16
8,Olympia,4,1Bl,0.195
8,Pacific,1,1Gr,0.21
8,Olympia,1,1Gr,0.165
8,Pacific,5,1Or,0.09
8,Olympia,5,1Or,0.211
8,Pacific,2,1Pk,0.29
8,Olympia,2,1Pk,0.158
8,Pacific,3,1Pu,0.18
8,Olympia,3,1Pu,0.284
8,Pacific,7,1Rd,0.13
8,Olympia,7,1Rd,0.445
8,Pacific,8,1Wh,0.15
8,Olympia,8,1Wh,0.385
8,Pacific,14,2Bk,0.11
8,Olympia,14,2Bk,0.442
8,Pacific,12,2Bl,0.17
8,Olympia,12,2Bl,0.288
8,Pacific,9,2Gr,0.29
8,Olympia,9,2Gr,0.394
8,Pacific,13,2Or,0.19
8,Olympia,13,2Or,0.368
8,Pacific,10,2Pk,0.26
8,Olympia,10,2Pk,0.366
8,Pacific,11,2Pu,0.19
8,Olympia,11,2Pu,0.457
8,Pacific,15,2Rd,0.29
8,Olympia,15,2Rd,1.266
8,Pacific,16,2Wh,0.19
8,Olympia,16,2Wh,0.694
8,Pacific,20,3Bl,0.61
8,Olympia,20,3Bl,0.655
8,Pacific,17,3Gr,0.12
8,Olympia,17,3Gr,0.591
8,Pacific,18,3Pk,0.36
8,Olympia,18,3Pk,0.303
8,Pacific,19,3Pu,0.43
8,Olympia,19,3Pu,0.592
9,Pacific,6,1Bk,0.47
9,Olympia,6,1Bk,0.281
9,Pacific,4,1Bl,0.03
9,Olympia,4,1Bl,0.351
9,Pacific,1,1Gr,0.08
9,Olympia,1,1Gr,0.294
9,Pacific,5,1Or,0.24
9,Olympia,5,1Or,0.28
9,Pacific,2,1Pk,0.07
9,Olympia,2,1Pk,0.145
9,Pacific,3,1Pu,0.17
9,Olympia,3,1Pu,0.278
9,Pacific,7,1Rd,0.12
9,Olympia,7,1Rd,0.467
9,Pacific,8,1Wh,0.17
9,Olympia,8,1Wh,0.313
9,Pacific,14,2Bk,0.33
9,Olympia,14,2Bk,0.766
9,Pacific,12,2Bl,0.2
9,Olympia,12,2Bl,0.506
9,Pacific,9,2Gr,0.1
9,Olympia,9,2Gr,0.572
9,Pacific,13,2Or,0.18
9,Olympia,13,2Or,0.633
9,Pacific,10,2Pk,0.19
9,Olympia,10,2Pk,0.244
9,Pacific,11,2Pu,0.24
9,Olympia,11,2Pu,0.249
9,Pacific,15,2Rd,0.21
9,Olympia,15,2Rd,0.745
9,Pacific,16,2Wh,0.2
9,Olympia,16,2Wh,0.297
9,Pacific,20,3Bl,0.25
9,Olympia,20,3Bl,0.917
9,Pacific,17,3Gr,0.52
9,Olympia,17,3Gr,0.534
9,Pacific,18,3Pk,0.29
9,Olympia,18,3Pk,0.624
9,Pacific,19,3Pu,0.3
9,Olympia,19,3Pu,0.665
10,Pacific,6,1Bk,0.23
10,Olympia,6,1Bk,0.599
10,Pacific,4,1Bl,0.12
10,Olympia,4,1Bl,0.541
10,Pacific,1,1Gr,0.1
10,Olympia,1,1Gr,0.139
10,Pacific,5,1Or,0.1
10,Olympia,5,1Or,0.293
10,Pacific,2,1Pk,0.12
10,Olympia,2,1Pk,0.367
10,Pacific,3,1Pu,0.18
10,Olympia,3,1Pu,0.365
10,Pacific,7,1Rd,0.14
10,Olympia,7,1Rd,0.472
10,Pacific,8,1Wh,0.09
10,Olympia,8,1Wh,0.423
10,Pacific,14,2Bk,0.2
10,Olympia,14,2Bk,0.842
10,Pacific,12,2Bl,0.22
10,Olympia,12,2Bl,0.443
10,Pacific,9,2Gr,0.3
10,Olympia,9,2Gr,0.546
10,Pacific,13,2Or,0.21
10,Olympia,13,2Or,0.946
10,Pacific,10,2Pk,0.22
10,Olympia,10,2Pk,0.639
10,Pacific,11,2Pu,0.31
10,Olympia,11,2Pu,0.545
10,Pacific,15,2Rd,0.36
10,Olympia,15,2Rd,0.851
10,Pacific,16,2Wh,0.21
10,Olympia,16,2Wh,0.64
10,Pacific,20,3Bl,0.4
10,Olympia,20,3Bl,0.805
10,Pacific,17,3Gr,0.52
10,Olympia,17,3Gr,1.241
10,Pacific,18,3Pk,0.29
10,Olympia,18,3Pk,0.781
10,Pacific,19,3Pu,0.24
10,Olympia,19,3Pu,0.504
11,Pacific,6,1Bk,0.25
11,Olympia,6,1Bk,0.254
11,Pacific,4,1Bl,0.21
11,Olympia,4,1Bl,0.313
11,Pacific,1,1Gr,0.21
11,Olympia,1,1Gr,0.681
11,Pacific,5,1Or,0.23
11,Olympia,5,1Or,0.21
11,Pacific,2,1Pk,0.15
11,Olympia,2,1Pk,0.552
11,Pacific,3,1Pu,0.16
11,Olympia,3,1Pu,0.242
11,Pacific,7,1Rd,0.3
11,Olympia,7,1Rd,0.411
11,Pacific,8,1Wh,0.35
11,Olympia,8,1Wh,0.523
11,Pacific,14,2Bk,0.27
11,Olympia,14,2Bk,0.451
11,Pacific,12,2Bl,0.39
11,Olympia,12,2Bl,0.492
11,Pacific,9,2Gr,0.31
11,Olympia,9,2Gr,0.538
11,Pacific,13,2Or,0.36
11,Olympia,13,2Or,0.263
11,Pacific,10,2Pk,0.28
11,Olympia,10,2Pk,0.746
11,Pacific,11,2Pu,0.23
11,Olympia,11,2Pu,0.65
11,Pacific,15,2Rd,0.24
11,Olympia,15,2Rd,0.361
11,Pacific,16,2Wh,0.61
11,Olympia,16,2Wh,0.349
11,Pacific,20,3Bl,0.63
11,Olympia,20,3Bl,0.732
11,Pacific,17,3Gr,0.49
11,Olympia,17,3Gr,0.726
11,Pacific,18,3Pk,0.53
11,Olympia,18,3Pk,0.541
11,Pacific,19,3Pu,0.53
11,Olympia,19,3Pu,0.529
12,Pacific,6,1Bk,0.12
12,Olympia,6,1Bk,0.122
12,Pacific,4,1Bl,0.16
12,Olympia,4,1Bl,0.373
12,Pacific,1,1Gr,0.11
12,Olympia,1,1Gr,0.617
12,Pacific,5,1Or,0.21
12,Olympia,5,1Or,0.309
12,Pacific,2,1Pk,0.12
12,Olympia,2,1Pk,0.262
12,Pacific,3,1Pu,0.1
12,Olympia,3,1Pu,0.187
12,Pacific,7,1Rd,0.2
12,Olympia,7,1Rd,0.363
12,Pacific,8,1Wh,0.11
12,Olympia,8,1Wh,0.321
12,Pacific,14,2Bk,0.52
12,Olympia,14,2Bk,0.624
12,Pacific,12,2Bl,0.26
12,Olympia,12,2Bl,0.649
12,Pacific,9,2Gr,0.31
12,Olympia,9,2Gr,0.52
12,Pacific,13,2Or,0.26
12,Olympia,13,2Or,0.921
12,Pacific,10,2Pk,0.16
12,Olympia,10,2Pk,0.535
12,Pacific,11,2Pu,0.19
12,Olympia,11,2Pu,0.305
12,Pacific,15,2Rd,0.31
12,Olympia,15,2Rd,0.377
12,Pacific,16,2Wh,0.34
12,Olympia,16,2Wh,0.636
12,Pacific,20,3Bl,0.35
12,Olympia,20,3Bl,0.996
12,Pacific,17,3Gr,0.41
12,Olympia,17,3Gr,0.579
12,Pacific,18,3Pk,0.44
12,Olympia,18,3Pk,0.466
12,Pacific,19,3Pu,0.27
12,Olympia,19,3Pu,0.674
13,Pacific,6,1Bk,0.1
13,Olympia,6,1Bk,0.243
13,Pacific,4,1Bl,0.11
13,Olympia,4,1Bl,0.515
13,Pacific,1,1Gr,0.17
13,Olympia,1,1Gr,0.391
13,Pacific,5,1Or,0.2
13,Olympia,5,1Or,0.944
13,Pacific,2,1Pk,0.18
13,Olympia,2,1Pk,0.353
13,Pacific,3,1Pu,0.29
13,Olympia,3,1Pu,0.637
13,Pacific,7,1Rd,0.12
13,Olympia,7,1Rd,0.539
13,Pacific,8,1Wh,0.15
13,Olympia,8,1Wh,0.561
13,Pacific,14,2Bk,0.22
13,Olympia,14,2Bk,0.57
13,Pacific,12,2Bl,0.17
13,Olympia,12,2Bl,0.431
13,Pacific,9,2Gr,0.24
13,Olympia,9,2Gr,0.859
13,Pacific,13,2Or,0.36
13,Olympia,13,2Or,0.421
13,Pacific,10,2Pk,0.17
13,Olympia,10,2Pk,0.348
13,Pacific,11,2Pu,0.32
13,Olympia,11,2Pu,0.358
13,Pacific,15,2Rd,0.21
13,Olympia,15,2Rd,1.062
13,Pacific,16,2Wh,0.34
13,Olympia,16,2Wh,0.522
13,Pacific,20,3Bl,0.48
13,Olympia,20,3Bl,0.369
13,Pacific,17,3Gr,0.39
13,Olympia,17,3Gr,0.618
13,Pacific,18,3Pk,0.38
13,Olympia,18,3Pk,0.845
13,Pacific,19,3Pu,0.3
13,Olympia,19,3Pu,1.067
14,Pacific,6,1Bk,0.21
14,Olympia,6,1Bk,0.268
14,Pacific,4,1Bl,0.21
14,Olympia,4,1Bl,0.197
14,Pacific,1,1Gr,0.11
14,Olympia,1,1Gr,0.124
14,Pacific,5,1Or,0.11
14,Olympia,5,1Or,0.437
14,Pacific,2,1Pk,0.08
14,Olympia,2,1Pk,0.315
14,Pacific,3,1Pu,0.13
14,Olympia,3,1Pu,0.213
14,Pacific,7,1Rd,0.2
14,Olympia,7,1Rd,0.384
14,Pacific,8,1Wh,0.3
14,Olympia,8,1Wh,0.203
14,Pacific,14,2Bk,0.33
14,Olympia,14,2Bk,0.276
14,Pacific,12,2Bl,0.21
14,Olympia,12,2Bl,0.365
14,Pacific,9,2Gr,0.19
14,Olympia,9,2Gr,0.558
14,Pacific,13,2Or,0.35
14,Olympia,13,2Or,0.554
14,Pacific,10,2Pk,0.22
14,Olympia,10,2Pk,0.675
14,Pacific,11,2Pu,0.13
14,Olympia,11,2Pu,0.357
14,Pacific,15,2Rd,0.23
14,Olympia,15,2Rd,0.512
14,Pacific,16,2Wh,0.25
14,Olympia,16,2Wh,0.584
14,Pacific,20,3Bl,0.38
14,Olympia,20,3Bl,0.729
14,Pacific,17,3Gr,0.47
14,Olympia,17,3Gr,1.605
14,Pacific,18,3Pk,0.43
14,Olympia,18,3Pk,0.794
14,Pacific,19,3Pu,0.35
14,Olympia,19,3Pu,0.815
15,Pacific,6,1Bk,0.09
15,Olympia,6,1Bk,0.684
15,Pacific,4,1Bl,0.17
15,Olympia,4,1Bl,0.425
15,Pacific,1,1Gr,0.13
15,Olympia,1,1Gr,0.361
15,Pacific,5,1Or,0.05
15,Olympia,5,1Or,0.303
15,Pacific,2,1Pk,0.07
15,Olympia,2,1Pk,0.219
15,Pacific,3,1Pu,0.09
15,Olympia,3,1Pu,0.285
15,Pacific,7,1Rd,0.12
15,Olympia,7,1Rd,0.599
15,Pacific,8,1Wh,0.07
15,Olympia,8,1Wh,0.594
15,Pacific,14,2Bk,0.23
15,Olympia,14,2Bk,0.631
15,Pacific,12,2Bl,0.27
15,Olympia,12,2Bl,0.394
15,Pacific,9,2Gr,0.33
15,Olympia,9,2Gr,0.451
15,Pacific,13,2Or,0.23
15,Olympia,13,2Or,0.345
15,Pacific,10,2Pk,0.26
15,Olympia,10,2Pk,0.393
15,Pacific,11,2Pu,0.26
15,Olympia,11,2Pu,0.336
15,Pacific,15,2Rd,0.18
15,Olympia,15,2Rd,0.526
15,Pacific,16,2Wh,0.15
15,Olympia,16,2Wh,0.628
15,Pacific,20,3Bl,0.48
15,Olympia,20,3Bl,0.559
15,Pacific,17,3Gr,0.33
15,Olympia,17,3Gr,0.663
15,Pacific,18,3Pk,0.41
15,Olympia,18,3Pk,0.727
15,Pacific,19,3Pu,0.34
15,Olympia,19,3Pu,0.518
16,Pacific,6,1Bk,0.2
16,Olympia,6,1Bk,0.348
16,Pacific,4,1Bl,0.16
16,Olympia,4,1Bl,0.178
16,Pacific,1,1Gr,0.15
16,Olympia,1,1Gr,0.472
16,Pacific,5,1Or,0.2
16,Olympia,5,1Or,0.354
16,Pacific,2,1Pk,0.19
16,Olympia,2,1Pk,0.189
16,Pacific,3,1Pu,0.16
16,Olympia,3,1Pu,0.222
16,Pacific,7,1Rd,0.14
16,Olympia,7,1Rd,0.204
16,Pacific,8,1Wh,0.07
16,Olympia,8,1Wh,0.392
16,Pacific,14,2Bk,0.28
16,Olympia,14,2Bk,0.517
16,Pacific,12,2Bl,0.4
16,Olympia,12,2Bl,0.478
16,Pacific,9,2Gr,0.17
16,Olympia,9,2Gr,0.409
16,Pacific,13,2Or,0.43
16,Olympia,13,2Or,0.421
16,Pacific,10,2Pk,0.36
16,Olympia,10,2Pk,0.365
16,Pacific,11,2Pu,0.35
16,Olympia,11,2Pu,0.349
16,Pacific,15,2Rd,0.13
16,Olympia,15,2Rd,0.468
16,Pacific,16,2Wh,0.24
16,Olympia,16,2Wh,0.634
16,Pacific,20,3Bl,0.4
16,Olympia,20,3Bl,0.635
16,Pacific,17,3Gr,0.26
16,Olympia,17,3Gr,0.758
16,Pacific,18,3Pk,0.28
16,Olympia,18,3Pk,0.757
16,Pacific,19,3Pu,0.38
16,Olympia,19,3Pu,0.625
17,Pacific,6,1Bk,0.04
17,Olympia,6,1Bk,0.316
17,Pacific,4,1Bl,0.11
17,Olympia,4,1Bl,0.214
17,Pacific,1,1Gr,0.12
17,Olympia,1,1Gr,0.264
17,Pacific,5,1Or,0.05
17,Olympia,5,1Or,0.3
17,Pacific,2,1Pk,0.1
17,Olympia,2,1Pk,0.31
17,Pacific,3,1Pu,0.04
17,Olympia,3,1Pu,0.3601
17,Pacific,7,1Rd,0.06
17,Olympia,7,1Rd,0.43
17,Pacific,8,1Wh,0.05
17,Olympia,8,1Wh,0.363
17,Pacific,14,2Bk,0.13
17,Olympia,14,2Bk,1.177
17,Pacific,12,2Bl,0.19
17,Olympia,12,2Bl,0.55
17,Pacific,9,2Gr,0.15
17,Olympia,9,2Gr,0.443
17,Pacific,13,2Or,0.17
17,Olympia,13,2Or,0.855
17,Pacific,10,2Pk,0.17
17,Olympia,10,2Pk,0.413
17,Pacific,11,2Pu,0.22
17,Olympia,11,2Pu,0.548
17,Pacific,15,2Rd,0.13
17,Olympia,15,2Rd,0.517
17,Pacific,16,2Wh,0.11
17,Olympia,16,2Wh,0.645
17,Pacific,20,3Bl,0.25
17,Olympia,20,3Bl,0.852
17,Pacific,17,3Gr,0.19
17,Olympia,17,3Gr,0.779
17,Pacific,18,3Pk,0.23
17,Olympia,18,3Pk,0.456
17,Pacific,19,3Pu,0.26
17,Olympia,19,3Pu,0.702
18,Pacific,1,1Gr,0.05
18,Olympia,1,1Gr,0.214
18,Pacific,2,1Pk,0.46
18,Olympia,2,1Pk,0.322
18,Pacific,3,1Pu,0.06
18,Olympia,3,1Pu,0.193
18,Pacific,4,1Bl,0.06
18,Olympia,4,1Bl,0.313
18,Pacific,5,1Or,0.09
18,Olympia,5,1Or,0.41
18,Pacific,6,1Bk,0.17
18,Olympia,6,1Bk,0.504
18,Pacific,7,1Rd,0.12
18,Olympia,7,1Rd,0.19
18,Pacific,8,1Wh,0.21
18,Olympia,8,1Wh,0.444
18,Pacific,9,2Gr,0.14
18,Olympia,9,2Gr,0.547
18,Pacific,10,2Pk,0.17
18,Olympia,10,2Pk,0.67
18,Pacific,11,2Pu,0.18
18,Olympia,11,2Pu,0.478
18,Pacific,12,2Bl,0.18
18,Olympia,12,2Bl,0.446
18,Pacific,13,2Or,0.15
18,Olympia,13,2Or,1.021
18,Pacific,14,2Bk,0.21
18,Olympia,14,2Bk,0.408
18,Pacific,15,2Rd,0.31
18,Olympia,15,2Rd,0.547
18,Pacific,16,2Wh,0.29
18,Olympia,16,2Wh,0.447
18,Pacific,17,3Gr,0.49
18,Olympia,17,3Gr,0.996
18,Pacific,18,3Pk,0.26
18,Olympia,18,3Pk,1.05
18,Pacific,19,3Pu,0.55
18,Olympia,19,3Pu,0.697
18,Pacific,20,3Bl,0.4
18,Olympia,20,3Bl,0.91
19,Pacific,6,1Bk,0.26
19,Olympia,6,1Bk,0.199
19,Pacific,4,1Bl,0.13
19,Olympia,4,1Bl,0.365
19,Pacific,1,1Gr,0.16
19,Olympia,1,1Gr,0.316
19,Pacific,5,1Or,0.12
19,Olympia,5,1Or,0.255
19,Pacific,2,1Pk,0.23
19,Olympia,2,1Pk,0.438
19,Pacific,3,1Pu,0.18
19,Olympia,3,1Pu,0.259
19,Pacific,7,1Rd,0.27
19,Olympia,7,1Rd,0.186
19,Pacific,8,1Wh,0.18
19,Olympia,8,1Wh,0.171
19,Pacific,14,2Bk,0.3
19,Olympia,14,2Bk,0.645
19,Pacific,12,2Bl,0.34
19,Olympia,12,2Bl,0.468
19,Pacific,9,2Gr,0.22
19,Olympia,9,2Gr,0.556
19,Pacific,13,2Or,0.2
19,Olympia,13,2Or,0.704
19,Pacific,10,2Pk,0.18
19,Olympia,10,2Pk,0.395
19,Pacific,11,2Pu,0.14
19,Olympia,11,2Pu,0.306
19,Pacific,15,2Rd,0.35
19,Olympia,15,2Rd,0.336
19,Pacific,16,2Wh,0.35
19,Olympia,16,2Wh,0.269
19,Pacific,20,3Bl,0.36
19,Olympia,20,3Bl,0.726
19,Pacific,17,3Gr,0.33
19,Olympia,17,3Gr,0.568
19,Pacific,18,3Pk,0.35
19,Olympia,18,3Pk,0.399
19,Pacific,19,3Pu,0.26
19,Olympia,19,3Pu,0.426
20,Pacific,6,1Bk,0.24
20,Olympia,6,1Bk,0.363
20,Pacific,4,1Bl,0.13
20,Olympia,4,1Bl,0.384
20,Pacific,1,1Gr,0.15
20,Olympia,1,1Gr,0.285
20,Pacific,5,1Or,0.13
20,Olympia,5,1Or,0.449
20,Pacific,2,1Pk,0.11
20,Olympia,2,1Pk,0.237
20,Pacific,3,1Pu,0.1
20,Olympia,3,1Pu,0.139
20,Pacific,7,1Rd,0.14
20,Olympia,7,1Rd,0.259
20,Pacific,8,1Wh,0.13
20,Olympia,8,1Wh,0.281
20,Pacific,14,2Bk,0.22
20,Olympia,14,2Bk,0.495
20,Pacific,12,2Bl,0.2
20,Olympia,12,2Bl,0.361
20,Pacific,9,2Gr,0.2
20,Olympia,9,2Gr,0.481
20,Pacific,13,2Or,0.32
20,Olympia,13,2Or,0.407
20,Pacific,10,2Pk,0.19
20,Olympia,10,2Pk,0.456
20,Pacific,11,2Pu,0.16
20,Olympia,11,2Pu,0.477
20,Pacific,15,2Rd,0.19
20,Olympia,15,2Rd,0.293
20,Pacific,16,2Wh,0.22
20,Olympia,16,2Wh,0.397
20,Pacific,20,3Bl,0.34
20,Olympia,20,3Bl,0.397
20,Pacific,17,3Gr,0.55
20,Olympia,17,3Gr,0.688
20,Pacific,18,3Pk,0.46
20,Olympia,18,3Pk,0.652
20,Pacific,19,3Pu,0.36
20,Olympia,19,3Pu,0.923
21,Pacific,6,1Bk,0.17
21,Olympia,6,1Bk,0.328
21,Pacific,4,1Bl,0.17
21,Olympia,4,1Bl,0.258
21,Pacific,1,1Gr,0.13
21,Olympia,1,1Gr,0.311
21,Pacific,5,1Or,0.09
21,Olympia,5,1Or,0.435
21,Pacific,2,1Pk,0.1
21,Olympia,2,1Pk,0.233
21,Pacific,3,1Pu,0.12
21,Olympia,3,1Pu,0.199
21,Pacific,7,1Rd,0.17
21,Olympia,7,1Rd,0.503
21,Pacific,8,1Wh,0.13
21,Olympia,8,1Wh,0.45
21,Pacific,14,2Bk,0.28
21,Olympia,14,2Bk,0.385
21,Pacific,12,2Bl,0.15
21,Olympia,12,2Bl,0.244
21,Pacific,9,2Gr,0.2
21,Olympia,9,2Gr,0.316
21,Pacific,13,2Or,0.37
21,Olympia,13,2Or,0.737
21,Pacific,10,2Pk,0.13
21,Olympia,10,2Pk,0.501
21,Pacific,11,2Pu,0.15
21,Olympia,11,2Pu,0.33
21,Pacific,15,2Rd,0.22
21,Olympia,15,2Rd,0.609
21,Pacific,16,2Wh,0.14
21,Olympia,16,2Wh,0.836
21,Pacific,20,3Bl,0.23
21,Olympia,20,3Bl,0.736
21,Pacific,17,3Gr,0.21
21,Olympia,17,3Gr,0.514
21,Pacific,18,3Pk,0.27
21,Olympia,18,3Pk,0.245
21,Pacific,19,3Pu,0.13
21,Olympia,19,3Pu,0.286
22,Pacific,6,1Bk,0.08
22,Olympia,6,1Bk,0.295
22,Pacific,4,1Bl,0.08
22,Olympia,4,1Bl,0.199
22,Pacific,1,1Gr,0.1
22,Olympia,1,1Gr,0.223
22,Pacific,5,1Or,0.14
22,Olympia,5,1Or,0.226
22,Pacific,2,1Pk,0.12
22,Olympia,2,1Pk,0.437
22,Pacific,3,1Pu,0.07
22,Olympia,3,1Pu,0.213
22,Pacific,7,1Rd,0.16
22,Olympia,7,1Rd,0.277
22,Pacific,8,1Wh,0.12
22,Olympia,8,1Wh,0.453
22,Pacific,14,2Bk,0.32
22,Olympia,14,2Bk,0.367
22,Pacific,12,2Bl,0.17
22,Olympia,12,2Bl,0.365
22,Pacific,9,2Gr,0.23
22,Olympia,9,2Gr,0.709
22,Pacific,13,2Or,0.39
22,Olympia,13,2Or,1.427
22,Pacific,10,2Pk,0.35
22,Olympia,10,2Pk,0.427
22,Pacific,11,2Pu,0.26
22,Olympia,11,2Pu,0.284
22,Pacific,15,2Rd,0.43
22,Olympia,15,2Rd,0.629
22,Pacific,16,2Wh,0.27
22,Olympia,16,2Wh,1.303
22,Pacific,20,3Bl,0.29
22,Olympia,20,3Bl,0.493
22,Pacific,17,3Gr,0.21
22,Olympia,17,3Gr,0.769
22,Pacific,18,3Pk,0.32
22,Olympia,18,3Pk,0.47
22,Pacific,19,3Pu,0.36
22,Olympia,19,3Pu,0.566
23,Pacific,6,1Bk,0.06
23,Olympia,6,1Bk,0.331
23,Pacific,4,1Bl,0.05
23,Olympia,4,1Bl,0.31
23,Pacific,1,1Gr,0.05
23,Olympia,1,1Gr,0.321
23,Pacific,5,1Or,0.13
23,Olympia,5,1Or,0.266
23,Pacific,2,1Pk,0.08
23,Olympia,2,1Pk,0.206
23,Pacific,3,1Pu,0.12
23,Olympia,3,1Pu,0.401
23,Pacific,7,1Rd,0.05
23,Olympia,7,1Rd,0.507
23,Pacific,8,1Wh,0.06
23,Olympia,8,1Wh,0.261
23,Pacific,14,2Bk,0.26
23,Olympia,14,2Bk,0.291
23,Pacific,12,2Bl,0.16
23,Olympia,12,2Bl,0.403
23,Pacific,9,2Gr,0.19
23,Olympia,9,2Gr,0.339
23,Pacific,13,2Or,0.49
23,Olympia,13,2Or,0.441
23,Pacific,10,2Pk,0.12
23,Olympia,10,2Pk,0.513
23,Pacific,11,2Pu,0.2
23,Olympia,11,2Pu,0.398
23,Pacific,15,2Rd,0.14
23,Olympia,15,2Rd,0.811
23,Pacific,16,2Wh,0.24
23,Olympia,16,2Wh,0.638
23,Pacific,20,3Bl,0.31
23,Olympia,20,3Bl,0.682
23,Pacific,17,3Gr,0.28
23,Olympia,17,3Gr,1.159
23,Pacific,18,3Pk,0.22
23,Olympia,18,3Pk,0.483
23,Pacific,19,3Pu,0.35
23,Olympia,19,3Pu,0.561
24,Pacific,6,1Bk,0.15
24,Olympia,6,1Bk,0.188
24,Pacific,4,1Bl,0.12
24,Olympia,4,1Bl,0.207
24,Pacific,1,1Gr,0.06
24,Olympia,1,1Gr,0.183
24,Pacific,5,1Or,0.19
24,Olympia,5,1Or,0.199
24,Pacific,2,1Pk,0.06
24,Olympia,2,1Pk,0.204
24,Pacific,3,1Pu,0.11
24,Olympia,3,1Pu,0.276
24,Pacific,7,1Rd,0.13
24,Olympia,7,1Rd,0.183
24,Pacific,8,1Wh,0.06
24,Olympia,8,1Wh,0.215
24,Pacific,14,2Bk,0.3
24,Olympia,14,2Bk,0.162
24,Pacific,12,2Bl,0.22
24,Olympia,12,2Bl,0.321
24,Pacific,9,2Gr,0.12
24,Olympia,9,2Gr,0.416
24,Pacific,13,2Or,0.2
24,Olympia,13,2Or,0.408
24,Pacific,10,2Pk,0.17
24,Olympia,10,2Pk,0.244
24,Pacific,11,2Pu,0.18
24,Olympia,11,2Pu,0.271
24,Pacific,15,2Rd,0.37
24,Olympia,15,2Rd,0.294
24,Pacific,16,2Wh,0.24
24,Olympia,16,2Wh,0.208
24,Pacific,20,3Bl,0.33
24,Olympia,20,3Bl,0.436
24,Pacific,17,3Gr,0.41
24,Olympia,17,3Gr,0.694
24,Pacific,18,3Pk,0.4
24,Olympia,18,3Pk,0.67
24,Pacific,19,3Pu,0.32
24,Olympia,19,3Pu,0.74
25,Pacific,6,1Bk,0.26
25,Olympia,6,1Bk,0.587
25,Pacific,4,1Bl,0.1
25,Olympia,4,1Bl,0.574
25,Pacific,1,1Gr,0.07
25,Olympia,1,1Gr,0.277
25,Pacific,5,1Or,0.27
25,Olympia,5,1Or,0.389
25,Pacific,2,1Pk,0.05
25,Olympia,2,1Pk,0.212
25,Pacific,3,1Pu,0.14
25,Olympia,3,1Pu,0.459
25,Pacific,7,1Rd,0.17
25,Olympia,7,1Rd,0.293
25,Pacific,8,1Wh,0.06
25,Olympia,8,1Wh,0.546
25,Pacific,14,2Bk,0.3
25,Olympia,14,2Bk,0.642
25,Pacific,12,2Bl,0.2
25,Olympia,12,2Bl,0.552
25,Pacific,9,2Gr,0.17
25,Olympia,9,2Gr,0.63
25,Pacific,13,2Or,0.23
25,Olympia,13,2Or,0.736
25,Pacific,10,2Pk,0.24
25,Olympia,10,2Pk,0.731
25,Pacific,11,2Pu,0.25
25,Olympia,11,2Pu,0.443
25,Pacific,15,2Rd,0.22
25,Olympia,15,2Rd,0.76
25,Pacific,16,2Wh,0.18
25,Olympia,16,2Wh,0.978
25,Pacific,20,3Bl,0.26
25,Olympia,20,3Bl,1.296
25,Pacific,17,3Gr,0.52
25,Olympia,17,3Gr,0.702
25,Pacific,18,3Pk,0.24
25,Olympia,18,3Pk,0.865
25,Pacific,19,3Pu,0.5
25,Olympia,19,3Pu,0.941
26,Pacific,6,1Bk,0.09
26,Olympia,6,1Bk,0.4
26,Pacific,4,1Bl,0.16
26,Olympia,4,1Bl,0.208
26,Pacific,1,1Gr,0.03
26,Olympia,1,1Gr,0.238
26,Pacific,5,1Or,0.08
26,Olympia,5,1Or,0.308
26,Pacific,2,1Pk,0.07
26,Olympia,2,1Pk,0.151
26,Pacific,3,1Pu,0.13
26,Olympia,3,1Pu,0.153
26,Pacific,7,1Rd,0.11
26,Olympia,7,1Rd,0.3
26,Pacific,8,1Wh,0.14
26,Olympia,8,1Wh,0.187
26,Pacific,14,2Bk,0.28
26,Olympia,14,2Bk,0.378
26,Pacific,12,2Bl,0.11
26,Olympia,12,2Bl,0.253
26,Pacific,9,2Gr,0.23
26,Olympia,9,2Gr,0.685
26,Pacific,13,2Or,0.21
26,Olympia,13,2Or,0.321
26,Pacific,10,2Pk,0.18
26,Olympia,10,2Pk,0.257
26,Pacific,11,2Pu,0.19
26,Olympia,11,2Pu,0.448
26,Pacific,15,2Rd,0.31
26,Olympia,15,2Rd,0.486
26,Pacific,16,2Wh,0.25
26,Olympia,16,2Wh,0.479
26,Pacific,20,3Bl,0.32
26,Olympia,20,3Bl,0.617
26,Pacific,17,3Gr,0.28
26,Olympia,17,3Gr,1.023
26,Pacific,18,3Pk,0.47
26,Olympia,18,3Pk,0.957
26,Pacific,19,3Pu,0.52
26,Olympia,19,3Pu,0.575
27,Pacific,6,1Bk,0.07
27,Olympia,6,1Bk,0.44
27,Pacific,4,1Bl,0.09
27,Olympia,4,1Bl,0.393
27,Pacific,1,1Gr,0.13
27,Olympia,1,1Gr,0.121
27,Pacific,5,1Or,0.07
27,Olympia,5,1Or,0.568
27,Pacific,2,1Pk,0.09
27,Olympia,2,1Pk,0.363
27,Pacific,3,1Pu,0.12
27,Olympia,3,1Pu,0.208
27,Pacific,7,1Rd,0.06
27,Olympia,7,1Rd,0.526
27,Pacific,8,1Wh,0.07
27,Olympia,8,1Wh,0.358
27,Pacific,14,2Bk,0.28
27,Olympia,14,2Bk,0.837
27,Pacific,12,2Bl,0.15
27,Olympia,12,2Bl,0.661
27,Pacific,9,2Gr,0.25
27,Olympia,9,2Gr,0.373
27,Pacific,13,2Or,0.25
27,Olympia,13,2Or,0.752
27,Pacific,10,2Pk,0.22
27,Olympia,10,2Pk,0.512
27,Pacific,11,2Pu,0.13
27,Olympia,11,2Pu,0.445
27,Pacific,15,2Rd,0.23
27,Olympia,15,2Rd,0.717
27,Pacific,16,2Wh,0.28
27,Olympia,16,2Wh,0.526
27,Pacific,20,3Bl,0.27
27,Olympia,20,3Bl,0.665
27,Pacific,17,3Gr,0.23
27,Olympia,17,3Gr,0.775
27,Pacific,18,3Pk,0.19
27,Olympia,18,3Pk,0.509
27,Pacific,19,3Pu,0.36
27,Olympia,19,3Pu,0.537
28,Pacific,6,1Bk,0.07
28,Olympia,6,1Bk,0.147
28,Pacific,4,1Bl,0.04
28,Olympia,4,1Bl,0.26
28,Pacific,1,1Gr,0.06
28,Olympia,1,1Gr,0.147
28,Pacific,5,1Or,0.05
28,Olympia,5,1Or,0.249
28,Pacific,2,1Pk,0.09
28,Olympia,2,1Pk,0.152
28,Pacific,3,1Pu,0.08
28,Olympia,3,1Pu,0.208
28,Pacific,7,1Rd,0.03
28,Olympia,7,1Rd,0.194
28,Pacific,8,1Wh,0.14
28,Olympia,8,1Wh,0.172
28,Pacific,14,2Bk,0.27
28,Olympia,14,2Bk,0.48
28,Pacific,12,2Bl,0.14
28,Olympia,12,2Bl,0.394
28,Pacific,9,2Gr,0.08
28,Olympia,9,2Gr,0.309
28,Pacific,13,2Or,0.12
28,Olympia,13,2Or,0.361
28,Pacific,10,2Pk,0.21
28,Olympia,10,2Pk,0.181
28,Pacific,11,2Pu,0.1
28,Olympia,11,2Pu,0.289
28,Pacific,15,2Rd,0.23
28,Olympia,15,2Rd,0.442
28,Pacific,16,2Wh,0.18
28,Olympia,16,2Wh,0.521
28,Pacific,20,3Bl,0.16
28,Olympia,20,3Bl,0.439
28,Pacific,17,3Gr,0.3
28,Olympia,17,3Gr,0.568
28,Pacific,18,3Pk,0.32
28,Olympia,18,3Pk,0.468
28,Pacific,19,3Pu,0.14
28,Olympia,19,3Pu,0.664
29,Pacific,6,1Bk,0.07
29,Olympia,6,1Bk,0.176
29,Pacific,4,1Bl,0.08
29,Olympia,4,1Bl,0.196
29,Pacific,1,1Gr,0.1
29,Olympia,1,1Gr,0.168
29,Pacific,5,1Or,0.11
29,Olympia,5,1Or,0.276
29,Pacific,2,1Pk,0.07
29,Olympia,2,1Pk,0.221
29,Pacific,3,1Pu,0.06
29,Olympia,3,1Pu,0.215
29,Pacific,7,1Rd,0.09
29,Olympia,7,1Rd,0.198
29,Pacific,8,1Wh,0.05
29,Olympia,8,1Wh,0.179
29,Pacific,14,2Bk,0.28
29,Olympia,14,2Bk,0.414
29,Pacific,12,2Bl,0.15
29,Olympia,12,2Bl,0.452
29,Pacific,9,2Gr,0.12
29,Olympia,9,2Gr,0.309
29,Pacific,13,2Or,0.16
29,Olympia,13,2Or,0.348
29,Pacific,10,2Pk,0.16
29,Olympia,10,2Pk,0.253
29,Pacific,11,2Pu,0.22
29,Olympia,11,2Pu,0.333
29,Pacific,15,2Rd,0.28
29,Olympia,15,2Rd,0.489
29,Pacific,16,2Wh,0.33
29,Olympia,16,2Wh,0.552
29,Pacific,20,3Bl,0.49
29,Olympia,20,3Bl,0.304
29,Pacific,17,3Gr,0.37
29,Olympia,17,3Gr,0.459
29,Pacific,18,3Pk,0.39
29,Olympia,18,3Pk,0.767
29,Pacific,19,3Pu,0.47
29,Olympia,19,3Pu,0.659
30,Pacific,6,1Bk,0.16
30,Olympia,6,1Bk,0.246
30,Pacific,4,1Bl,0.11
30,Olympia,4,1Bl,0.397
30,Pacific,1,1Gr,0.14
30,Olympia,1,1Gr,0.296
30,Pacific,5,1Or,0.08
30,Olympia,5,1Or,0.18
30,Pacific,2,1Pk,0.11
30,Olympia,2,1Pk,0.204
30,Pacific,3,1Pu,0.08
30,Olympia,3,1Pu,0.193
30,Pacific,7,1Rd,0.17
30,Olympia,7,1Rd,0.387
30,Pacific,8,1Wh,0.11
30,Olympia,8,1Wh,0.398
30,Pacific,14,2Bk,0.2
30,Olympia,14,2Bk,0.291
30,Pacific,12,2Bl,0.24
30,Olympia,12,2Bl,0.328
30,Pacific,9,2Gr,0.22
30,Olympia,9,2Gr,0.564
30,Pacific,13,2Or,0.37
30,Olympia,13,2Or,0.169
30,Pacific,10,2Pk,0.26
30,Olympia,10,2Pk,0.241
30,Pacific,11,2Pu,0.19
30,Olympia,11,2Pu,0.21
30,Pacific,15,2Rd,0.36
30,Olympia,15,2Rd,0.253
30,Pacific,16,2Wh,0.26
30,Olympia,16,2Wh,0.248
30,Pacific,20,3Bl,0.4
30,Olympia,20,3Bl,0.369
30,Pacific,17,3Gr,0.33
30,Olympia,17,3Gr,0.419
30,Pacific,18,3Pk,0.44
30,Olympia,18,3Pk,0.251
30,Pacific,19,3Pu,0.59
30,Olympia,19,3Pu,0.388
31,Pacific,6,1Bk,0.22
31,Olympia,6,1Bk,0.28
31,Pacific,4,1Bl,0.08
31,Olympia,4,1Bl,0.206
31,Pacific,1,1Gr,0.07
31,Olympia,1,1Gr,0.174
31,Pacific,5,1Or,0.24
31,Olympia,5,1Or,0.186
31,Pacific,2,1Pk,0.12
31,Olympia,2,1Pk,0.179
31,Pacific,3,1Pu,0.15
31,Olympia,3,1Pu,0.229
31,Pacific,7,1Rd,0.22
31,Olympia,7,1Rd,0.201
31,Pacific,8,1Wh,0.14
31,Olympia,8,1Wh,0.575
31,Pacific,14,2Bk,0.29
31,Olympia,14,2Bk,0.602
31,Pacific,12,2Bl,0.18
31,Olympia,12,2Bl,0.393
31,Pacific,9,2Gr,0.13
31,Olympia,9,2Gr,0.171
31,Pacific,13,2Or,0.31
31,Olympia,13,2Or,0.238
31,Pacific,10,2Pk,0.18
31,Olympia,10,2Pk,0.232
31,Pacific,11,2Pu,0.15
31,Olympia,11,2Pu,0.373
31,Pacific,15,2Rd,0.21
31,Olympia,15,2Rd,0.339
31,Pacific,16,2Wh,0.27
31,Olympia,16,2Wh,0.571
31,Pacific,20,3Bl,0.27
31,Olympia,20,3Bl,0.464
31,Pacific,17,3Gr,0.35
31,Olympia,17,3Gr,0.596
31,Pacific,18,3Pk,0.24
31,Olympia,18,3Pk,0.777
31,Pacific,19,3Pu,0.28
31,Olympia,19,3Pu,0.861
32,Pacific,6,1Bk,0.18
32,Olympia,6,1Bk,0.195
32,Pacific,4,1Bl,0.08
32,Olympia,4,1Bl,0.133
32,Pacific,1,1Gr,0.1
32,Olympia,1,1Gr,0.291
32,Pacific,5,1Or,0.12
32,Olympia,5,1Or,0.281
32,Pacific,2,1Pk,0.09
32,Olympia,2,1Pk,0.199
32,Pacific,3,1Pu,0.12
32,Olympia,3,1Pu,0.213
32,Pacific,7,1Rd,0.2
32,Olympia,7,1Rd,0.196
32,Pacific,8,1Wh,0.19
32,Olympia,8,1Wh,0.231
32,Pacific,14,2Bk,0.3
32,Olympia,14,2Bk,0.172
32,Pacific,12,2Bl,0.21
32,Olympia,12,2Bl,0.358
32,Pacific,9,2Gr,0.19
32,Olympia,9,2Gr,0.24
32,Pacific,13,2Or,0.21
32,Olympia,13,2Or,0.283
32,Pacific,10,2Pk,0.2
32,Olympia,10,2Pk,0.212
32,Pacific,11,2Pu,0.15
32,Olympia,11,2Pu,0.204
32,Pacific,15,2Rd,0.36
32,Olympia,15,2Rd,0.421
32,Pacific,16,2Wh,0.38
32,Olympia,16,2Wh,0.634
32,Pacific,20,3Bl,0.49
32,Olympia,20,3Bl,0.34
32,Pacific,17,3Gr,0.48
32,Olympia,17,3Gr,0.837
32,Pacific,18,3Pk,0.34
32,Olympia,18,3Pk,0.806
32,Pacific,19,3Pu,0.46
32,Olympia,19,3Pu,0.371
33,Pacific,6,1Bk,0.21
33,Olympia,6,1Bk,0.313
33,Pacific,4,1Bl,0.06
33,Olympia,4,1Bl,0.338
33,Pacific,1,1Gr,0.1
33,Olympia,1,1Gr,0.438
33,Pacific,5,1Or,0.16
33,Olympia,5,1Or,0.226
33,Pacific,2,1Pk,0.09
33,Olympia,2,1Pk,0.388
33,Pacific,3,1Pu,0.09
33,Olympia,3,1Pu,0.487
33,Pacific,7,1Rd,0.17
33,Olympia,7,1Rd,0.271
33,Pacific,8,1Wh,0.12
33,Olympia,8,1Wh,0.379
33,Pacific,14,2Bk,0.27
33,Olympia,14,2Bk,0.574
33,Pacific,12,2Bl,0.29
33,Olympia,12,2Bl,0.507
33,Pacific,9,2Gr,0.17
33,Olympia,9,2Gr,0.368
33,Pacific,13,2Or,0.38
33,Olympia,13,2Or,0.575
33,Pacific,10,2Pk,0.2
33,Olympia,10,2Pk,0.597
33,Pacific,11,2Pu,0.19
33,Olympia,11,2Pu,0.537
33,Pacific,15,2Rd,0.24
33,Olympia,15,2Rd,0.463
33,Pacific,16,2Wh,0.3
33,Olympia,16,2Wh,0.563
33,Pacific,20,3Bl,0.28
33,Olympia,20,3Bl,0.678
33,Pacific,17,3Gr,0.37
33,Olympia,17,3Gr,0.582
33,Pacific,18,3Pk,0.21
33,Olympia,18,3Pk,0.704
33,Pacific,19,3Pu,0.27
33,Olympia,19,3Pu,1.038
34,Pacific,6,1Bk,0.14
34,Olympia,6,1Bk,0.131
34,Pacific,4,1Bl,0.1
34,Olympia,4,1Bl,0.204
34,Pacific,1,1Gr,0.06
34,Olympia,1,1Gr,0.198
34,Pacific,5,1Or,0.18
34,Olympia,5,1Or,0.254
34,Pacific,2,1Pk,0.08
34,Olympia,2,1Pk,0.221
34,Pacific,3,1Pu,0.09
34,Olympia,3,1Pu,0.207
34,Pacific,7,1Rd,0.13
34,Olympia,7,1Rd,0.168
34,Pacific,8,1Wh,0.09
34,Olympia,8,1Wh,0.248
34,Pacific,14,2Bk,0.23
34,Olympia,14,2Bk,0.345
34,Pacific,12,2Bl,0.17
34,Olympia,12,2Bl,0.269
34,Pacific,9,2Gr,0.16
34,Olympia,9,2Gr,0.16
34,Pacific,13,2Or,0.28
34,Olympia,13,2Or,0.53
34,Pacific,10,2Pk,0.19
34,Olympia,10,2Pk,0.391
34,Pacific,11,2Pu,0.24
34,Olympia,11,2Pu,0.303
34,Pacific,15,2Rd,0.25
34,Olympia,15,2Rd,0.336
34,Pacific,16,2Wh,0.15
34,Olympia,16,2Wh,0.375
34,Pacific,20,3Bl,0.23
34,Olympia,20,3Bl,0.702
34,Pacific,17,3Gr,0.29
34,Olympia,17,3Gr,0.592
34,Pacific,18,3Pk,0.41
34,Olympia,18,3Pk,0.447
34,Pacific,19,3Pu,0.29
34,Olympia,19,3Pu,0.592
35,Pacific,6,1Bk,0.22
35,Olympia,6,1Bk,0.762
35,Pacific,4,1Bl,0.17
35,Olympia,4,1Bl,0.288
35,Pacific,1,1Gr,0.08
35,Olympia,1,1Gr,0.222
35,Pacific,5,1Or,0.12
35,Olympia,5,1Or,0.166
35,Pacific,2,1Pk,0.19
35,Olympia,2,1Pk,0.34
35,Pacific,3,1Pu,0.27
35,Olympia,3,1Pu,0.282
35,Pacific,7,1Rd,0.09
35,Olympia,7,1Rd,0.511
35,Pacific,8,1Wh,0.16
35,Olympia,8,1Wh,0.18
35,Pacific,14,2Bk,0.19
35,Olympia,14,2Bk,0.546
35,Pacific,12,2Bl,0.29
35,Olympia,12,2Bl,0.506
35,Pacific,9,2Gr,0.23
35,Olympia,9,2Gr,0.637
35,Pacific,13,2Or,0.2
35,Olympia,13,2Or,0.215
35,Pacific,10,2Pk,0.19
35,Olympia,10,2Pk,0.302
35,Pacific,11,2Pu,0.16
35,Olympia,11,2Pu,0.401
35,Pacific,15,2Rd,0.37
35,Olympia,15,2Rd,0.231
35,Pacific,16,2Wh,0.26
35,Olympia,16,2Wh,0.32
35,Pacific,20,3Bl,0.36
35,Olympia,20,3Bl,0.644
35,Pacific,17,3Gr,0.35
35,Olympia,17,3Gr,0.954
35,Pacific,18,3Pk,0.26
35,Olympia,18,3Pk,0.731
35,Pacific,19,3Pu,0.34
35,Olympia,19,3Pu,0.716
36,Pacific,6,1Bk,0.3
36,Olympia,6,1Bk,0.302
36,Pacific,4,1Bl,0.09
36,Olympia,4,1Bl,0.269
36,Pacific,1,1Gr,0.11
36,Olympia,1,1Gr,0.255
36,Pacific,5,1Or,0.19
36,Olympia,5,1Or,0.217
36,Pacific,2,1Pk,0.15
36,Olympia,2,1Pk,0.23
36,Pacific,3,1Pu,0.1
36,Olympia,3,1Pu,0.246
36,Pacific,7,1Rd,0.35
36,Olympia,7,1Rd,0.357
36,Pacific,8,1Wh,0.4
36,Olympia,8,1Wh,0.227
36,Pacific,14,2Bk,30
36,Olympia,14,2Bk,0.395
36,Pacific,12,2Bl,0.19
36,Olympia,12,2Bl,0.388
36,Pacific,9,2Gr,0.2
36,Olympia,9,2Gr,0.505
36,Pacific,13,2Or,0.39
36,Olympia,13,2Or,0.223
36,Pacific,10,2Pk,0.24
36,Olympia,10,2Pk,0.429
36,Pacific,11,2Pu,0.21
36,Olympia,11,2Pu,0.455
36,Pacific,15,2Rd,0.33
36,Olympia,15,2Rd,0.452
36,Pacific,16,2Wh,0.29
36,Olympia,16,2Wh,0.23
36,Pacific,20,3Bl,0.41
36,Olympia,20,3Bl,0.372
36,Pacific,17,3Gr,0.52
36,Olympia,17,3Gr,0.841
36,Pacific,18,3Pk,0.34
36,Olympia,18,3Pk,1.51
36,Pacific,19,3Pu,0.57
36,Olympia,19,3Pu,0.8
37,Pacific,6,1Bk,0.09
37,Olympia,6,1Bk,0.383
37,Pacific,4,1Bl,0.13
37,Olympia,4,1Bl,0.228
37,Pacific,1,1Gr,0.16
37,Olympia,1,1Gr,0.144
37,Pacific,5,1Or,0.1
37,Olympia,5,1Or,0.248
37,Pacific,2,1Pk,0.16
37,Olympia,2,1Pk,0.225
37,Pacific,3,1Pu,0.15
37,Olympia,3,1Pu,0.223
37,Pacific,7,1Rd,0.07
37,Olympia,7,1Rd,0.351
37,Pacific,8,1Wh,0.05
37,Olympia,8,1Wh,0.193
37,Pacific,14,2Bk,0.17
37,Olympia,14,2Bk,0.231
37,Pacific,12,2Bl,0.24
37,Olympia,12,2Bl,0.485
37,Pacific,9,2Gr,0.21
37,Olympia,9,2Gr,0.381
37,Pacific,13,2Or,0.28
37,Olympia,13,2Or,1.023
37,Pacific,10,2Pk,0.27
37,Olympia,10,2Pk,0.557
37,Pacific,11,2Pu,0.2
37,Olympia,11,2Pu,0.402
37,Pacific,15,2Rd,0.28
37,Olympia,15,2Rd,0.185
37,Pacific,16,2Wh,0.16
37,Olympia,16,2Wh,0.334
37,Pacific,20,3Bl,0.38
37,Olympia,20,3Bl,0.407
37,Pacific,17,3Gr,0.41
37,Olympia,17,3Gr,0.715
37,Pacific,18,3Pk,0.48
37,Olympia,18,3Pk,0.93
37,Pacific,19,3Pu,0.46
37,Olympia,19,3Pu,0.331
38,Pacific,6,1Bk,0.27
38,Olympia,6,1Bk,0.226
38,Pacific,4,1Bl,0.1
38,Olympia,4,1Bl,0.273
38,Pacific,1,1Gr,0.07
38,Olympia,1,1Gr,0.287
38,Pacific,5,1Or,0.17
38,Olympia,5,1Or,0.281
38,Pacific,2,1Pk,0.13
38,Olympia,2,1Pk,0.203
38,Pacific,3,1Pu,0.1
38,Olympia,3,1Pu,0.17
38,Pacific,7,1Rd,0.26
38,Olympia,7,1Rd,0.219
38,Pacific,8,1Wh,0.19
38,Olympia,8,1Wh,0.483
38,Pacific,14,2Bk,0.4
38,Olympia,14,2Bk,0.299
38,Pacific,12,2Bl,0.19
38,Olympia,12,2Bl,0.315
38,Pacific,9,2Gr,0.17
38,Olympia,9,2Gr,0.544
38,Pacific,13,2Or,0.21
38,Olympia,13,2Or,0.389
38,Pacific,10,2Pk,0.28
38,Olympia,10,2Pk,0.365
38,Pacific,11,2Pu,0.19
38,Olympia,11,2Pu,0.385
38,Pacific,15,2Rd,0.2
38,Olympia,15,2Rd,0.205
38,Pacific,16,2Wh,0.35
38,Olympia,16,2Wh,0.291
38,Pacific,20,3Bl,0.37
38,Olympia,20,3Bl,0.75
38,Pacific,17,3Gr,0.3
38,Olympia,17,3Gr,0.94
38,Pacific,18,3Pk,0.22
38,Olympia,18,3Pk,0.52
38,Pacific,19,3Pu,0.33
38,Olympia,19,3Pu,1.38
39,Pacific,6,1Bk,0.17
39,Olympia,6,1Bk,0.189
39,Pacific,4,1Bl,0.1
39,Olympia,4,1Bl,0.178
39,Pacific,1,1Gr,0.06
39,Olympia,1,1Gr,0.208
39,Pacific,5,1Or,0.06
39,Olympia,5,1Or,0.181
39,Pacific,2,1Pk,0.1
39,Olympia,2,1Pk,0.218
39,Pacific,3,1Pu,0.13
39,Olympia,3,1Pu,0.283
39,Pacific,7,1Rd,0.16
39,Olympia,7,1Rd,0.179
39,Pacific,8,1Wh,0.1
39,Olympia,8,1Wh,0.236
39,Pacific,14,2Bk,0.19
39,Olympia,14,2Bk,0.409
39,Pacific,12,2Bl,0.18
39,Olympia,12,2Bl,0.29
39,Pacific,9,2Gr,0.1
39,Olympia,9,2Gr,0.372
39,Pacific,13,2Or,0.18
39,Olympia,13,2Or,0.344
39,Pacific,10,2Pk,0.09
39,Olympia,10,2Pk,0.26
39,Pacific,11,2Pu,0.14
39,Olympia,11,2Pu,0.324
39,Pacific,15,2Rd,0.19
39,Olympia,15,2Rd,0.448
39,Pacific,16,2Wh,0.18
39,Olympia,16,2Wh,0.34
39,Pacific,20,3Bl,0.24
39,Olympia,20,3Bl,0.614
39,Pacific,17,3Gr,0.2
39,Olympia,17,3Gr,0.937
39,Pacific,18,3Pk,0.26
39,Olympia,18,3Pk,0.765
39,Pacific,19,3Pu,0.34
39,Olympia,19,3Pu,0.509
40,Pacific,6,1Bk,0.08
40,Olympia,6,1Bk,0.18
40,Pacific,4,1Bl,0.05
40,Olympia,4,1Bl,0.194
40,Pacific,1,1Gr,0.06
40,Olympia,1,1Gr,0.292
40,Pacific,5,1Or,0.12
40,Olympia,5,1Or,0.225
40,Pacific,2,1Pk,0.12
40,Olympia,2,1Pk,0.178
40,Pacific,3,1Pu,0.09
40,Olympia,3,1Pu,0.223
40,Pacific,7,1Rd,0.1
40,Olympia,7,1Rd,0.135
40,Pacific,8,1Wh,0.09
40,Olympia,8,1Wh,0.343
40,Pacific,14,2Bk,0.22
40,Olympia,14,2Bk,0.375
40,Pacific,12,2Bl,0.18
40,Olympia,12,2Bl,0.442
40,Pacific,9,2Gr,0.33
40,Olympia,9,2Gr,0.205
40,Pacific,13,2Or,0.17
40,Olympia,13,2Or,0.414
40,Pacific,10,2Pk,0.11
40,Olympia,10,2Pk,0.403
40,Pacific,11,2Pu,0.13
40,Olympia,11,2Pu,0.495
40,Pacific,15,2Rd,0.27
40,Olympia,15,2Rd,0.299
40,Pacific,16,2Wh,0.22
40,Olympia,16,2Wh,0.251
40,Pacific,20,3Bl,0.15
40,Olympia,20,3Bl,0.775
40,Pacific,17,3Gr,0.25
40,Olympia,17,3Gr,0.681
40,Pacific,18,3Pk,0.24
40,Olympia,18,3Pk,0.535
40,Pacific,19,3Pu,0.34
40,Olympia,19,3Pu,0.634
41,Pacific,6,1Bk,0.09
41,Olympia,6,1Bk,0.966
41,Pacific,4,1Bl,0.13
41,Olympia,4,1Bl,0.16
41,Pacific,1,1Gr,0.1
41,Olympia,1,1Gr,0.269
41,Pacific,5,1Or,0.09
41,Olympia,5,1Or,0.699
41,Pacific,2,1Pk,0.18
41,Olympia,2,1Pk,0.246
41,Pacific,3,1Pu,0.16
41,Olympia,3,1Pu,0.48
41,Pacific,7,1Rd,0.08
41,Olympia,7,1Rd,0.441
41,Pacific,8,1Wh,0.09
41,Olympia,8,1Wh,0.183
41,Pacific,14,2Bk,0.21
41,Olympia,14,2Bk,0.881
41,Pacific,12,2Bl,0.16
41,Olympia,12,2Bl,0.45
41,Pacific,9,2Gr,0.18
41,Olympia,9,2Gr,0.411
41,Pacific,13,2Or,0.33
41,Olympia,13,2Or,0.871
41,Pacific,10,2Pk,0.21
41,Olympia,10,2Pk,0.744
41,Pacific,11,2Pu,0.27
41,Olympia,11,2Pu,0.504
41,Pacific,15,2Rd,0.28
41,Olympia,15,2Rd,0.593
41,Pacific,16,2Wh,0.15
41,Olympia,16,2Wh,0.613
41,Pacific,20,3Bl,0.28
41,Olympia,20,3Bl,0.861
41,Pacific,17,3Gr,0.16
41,Olympia,17,3Gr,0.624
41,Pacific,18,3Pk,0.22
41,Olympia,18,3Pk,0.758
41,Pacific,19,3Pu,0.19
41,Olympia,19,3Pu,0.631
42,Pacific,6,1Bk,0.13
42,Olympia,6,1Bk,0.445
42,Pacific,4,1Bl,0.1
42,Olympia,4,1Bl,0.266
42,Pacific,1,1Gr,0.1
42,Olympia,1,1Gr,0.308
42,Pacific,5,1Or,0.1
42,Olympia,5,1Or,0.3
42,Pacific,2,1Pk,0.09
42,Olympia,2,1Pk,0.351
42,Pacific,3,1Pu,0.05
42,Olympia,3,1Pu,0.38
42,Pacific,7,1Rd,0.07
42,Olympia,7,1Rd,0.432
42,Pacific,8,1Wh,0.15
42,Olympia,8,1Wh,0.521
42,Pacific,14,2Bk,0.13
42,Olympia,14,2Bk,0.549
42,Pacific,12,2Bl,0.2
42,Olympia,12,2Bl,0.569
42,Pacific,9,2Gr,0.12
42,Olympia,9,2Gr,0.373
42,Pacific,13,2Or,0.19
42,Olympia,13,2Or,0.355
42,Pacific,10,2Pk,0.1
42,Olympia,10,2Pk,0.415
42,Pacific,11,2Pu,0.12
42,Olympia,11,2Pu,0.47
42,Pacific,15,2Rd,0.2
42,Olympia,15,2Rd,0.651
42,Pacific,16,2Wh,0.13
42,Olympia,16,2Wh,1.097
42,Pacific,20,3Bl,0.19
42,Olympia,20,3Bl,0.942
42,Pacific,17,3Gr,0.3
42,Olympia,17,3Gr,0.698
42,Pacific,18,3Pk,0.18
42,Olympia,18,3Pk,0.729
42,Pacific,19,3Pu,0.26
42,Olympia,19,3Pu,0.628
43,Pacific,6,1Bk,0.12
43,Olympia,6,1Bk,0.094
43,Pacific,4,1Bl,0.09
43,Olympia,4,1Bl,0.424
43,Pacific,1,1Gr,0.09
43,Olympia,1,1Gr,0.299
43,Pacific,5,1Or,0.07
43,Olympia,5,1Or,0.615
43,Pacific,2,1Pk,0.08
43,Olympia,2,1Pk,0.654
43,Pacific,3,1Pu,0.08
43,Olympia,3,1Pu,0.342
43,Pacific,7,1Rd,0.1
43,Olympia,7,1Rd,0.294
43,Pacific,8,1Wh,0.09
43,Olympia,8,1Wh,0.773
43,Pacific,14,2Bk,0.17
43,Olympia,14,2Bk,0.316
43,Pacific,12,2Bl,0.09
43,Olympia,12,2Bl,0.583
43,Pacific,9,2Gr,0.13
43,Olympia,9,2Gr,0.348
43,Pacific,13,2Or,0.3
43,Olympia,13,2Or,0.732
43,Pacific,10,2Pk,0.1
43,Olympia,10,2Pk,0.44
43,Pacific,11,2Pu,0.05
43,Olympia,11,2Pu,0.254
43,Pacific,15,2Rd,0.09
43,Olympia,15,2Rd,0.347
43,Pacific,16,2Wh,0.36
43,Olympia,16,2Wh,0.533
43,Pacific,20,3Bl,0.12
43,Olympia,20,3Bl,0.606
43,Pacific,17,3Gr,0.16
43,Olympia,17,3Gr,0.75
43,Pacific,18,3Pk,0.2
43,Olympia,18,3Pk,0.381
43,Pacific,19,3Pu,0.18
43,Olympia,19,3Pu,0.427
44,Pacific,6,1Bk,0.06
44,Olympia,6,1Bk,0.625
44,Pacific,4,1Bl,0.09
44,Olympia,4,1Bl,0.424
44,Pacific,1,1Gr,0.11
44,Olympia,1,1Gr,0.534
44,Pacific,5,1Or,0.08
44,Olympia,5,1Or,0.488
44,Pacific,2,1Pk,0.08
44,Olympia,2,1Pk,0.501
44,Pacific,3,1Pu,0.07
44,Olympia,3,1Pu,0.239
44,Pacific,7,1Rd,0.03
44,Olympia,7,1Rd,1.206
44,Pacific,8,1Wh,0.06
44,Olympia,8,1Wh,0.917
44,Pacific,14,2Bk,0.34
44,Olympia,14,2Bk,0.29
44,Pacific,12,2Bl,0.18
44,Olympia,12,2Bl,0.63
44,Pacific,9,2Gr,0.25
44,Olympia,9,2Gr,0.724
44,Pacific,13,2Or,0.27
44,Olympia,13,2Or,1.146
44,Pacific,10,2Pk,0.17
44,Olympia,10,2Pk,0.345
44,Pacific,11,2Pu,0.11
44,Olympia,11,2Pu,0.277
44,Pacific,15,2Rd,0.32
44,Olympia,15,2Rd,0.396
44,Pacific,16,2Wh,0.32
44,Olympia,16,2Wh,0.684
44,Pacific,20,3Bl,0.24
44,Olympia,20,3Bl,0.766
44,Pacific,17,3Gr,0.54
44,Olympia,17,3Gr,0.38
44,Pacific,18,3Pk,0.39
44,Olympia,18,3Pk,0.845
44,Pacific,19,3Pu,0.42
44,Olympia,19,3Pu,0.871
45,Pacific,6,1Bk,0.15
45,Olympia,6,1Bk,0.303
45,Pacific,4,1Bl,0.17
45,Olympia,4,1Bl,0.538
45,Pacific,1,1Gr,0.12
45,Olympia,1,1Gr,0.369
45,Pacific,5,1Or,0.11
45,Olympia,5,1Or,0.501
45,Pacific,2,1Pk,0.13
45,Olympia,2,1Pk,1.354
45,Pacific,3,1Pu,0.11
45,Olympia,3,1Pu,0.822
45,Pacific,7,1Rd,0.1
45,Olympia,7,1Rd,0.615
45,Pacific,8,1Wh,0.12
45,Olympia,8,1Wh,0.325
45,Pacific,14,2Bk,0.41
45,Olympia,14,2Bk,0.423
45,Pacific,12,2Bl,0.14
45,Olympia,12,2Bl,0.268
45,Pacific,9,2Gr,0.2
45,Olympia,9,2Gr,0.329
45,Pacific,13,2Or,0.5
45,Olympia,13,2Or,0.204
45,Pacific,10,2Pk,0.3
45,Olympia,10,2Pk,0.474
45,Pacific,11,2Pu,0.27
45,Olympia,11,2Pu,0.385
45,Pacific,15,2Rd,0.18
45,Olympia,15,2Rd,0.569
45,Pacific,16,2Wh,0.34
45,Olympia,16,2Wh,0.635
45,Pacific,20,3Bl,0.51
45,Olympia,20,3Bl,0.163
45,Pacific,17,3Gr,0.37
45,Olympia,17,3Gr,0.456
45,Pacific,18,3Pk,0.6
45,Olympia,18,3Pk,0.463
45,Pacific,19,3Pu,0.5
45,Olympia,19,3Pu,0.62
46,Pacific,6,1Bk,0.14
46,Olympia,6,1Bk,0.752
46,Pacific,4,1Bl,0.07
46,Olympia,4,1Bl,0.911
46,Pacific,1,1Gr,0.03
46,Olympia,1,1Gr,0.693
46,Pacific,5,1Or,0.11
46,Olympia,5,1Or,0.272
46,Pacific,2,1Pk,0.12
46,Olympia,2,1Pk,1.073
46,Pacific,3,1Pu,0.04
46,Olympia,3,1Pu,0.611
46,Pacific,7,1Rd,0.18
46,Olympia,7,1Rd,0.503
46,Pacific,8,1Wh,0.1
46,Olympia,8,1Wh,0.46
46,Pacific,14,2Bk,0.22
46,Olympia,14,2Bk,0.37
46,Pacific,12,2Bl,0.16
46,Olympia,12,2Bl,0.448
46,Pacific,9,2Gr,0.2
46,Olympia,9,2Gr,1.488
46,Pacific,13,2Or,0.19
46,Olympia,13,2Or,0.392
46,Pacific,10,2Pk,0.14
46,Olympia,10,2Pk,1.207
46,Pacific,11,2Pu,0.17
46,Olympia,11,2Pu,0.682
46,Pacific,15,2Rd,0.22
46,Olympia,15,2Rd,0.914
46,Pacific,16,2Wh,0.25
46,Olympia,16,2Wh,0.722
46,Pacific,20,3Bl,0.27
46,Olympia,20,3Bl,0.634
46,Pacific,17,3Gr,0.24
46,Olympia,17,3Gr,0.429
46,Pacific,18,3Pk,0.41
46,Olympia,18,3Pk,1.163
46,Pacific,19,3Pu,0.22
46,Olympia,19,3Pu,0.497
47,Pacific,6,1Bk,0.08
47,Olympia,6,1Bk,0.399
47,Pacific,4,1Bl,0.11
47,Olympia,4,1Bl,0.53
47,Pacific,1,1Gr,0.13
47,Olympia,1,1Gr,0.667
47,Pacific,5,1Or,0.07
47,Olympia,5,1Or,0.52
47,Pacific,2,1Pk,0.11
47,Olympia,2,1Pk,0.469
47,Pacific,3,1Pu,0.07
47,Olympia,3,1Pu,0.28
47,Pacific,7,1Rd,0.08
47,Olympia,7,1Rd,0.472
47,Pacific,8,1Wh,0.11
47,Olympia,8,1Wh,0.716
47,Pacific,14,2Bk,0.32
47,Olympia,14,2Bk,0.436
47,Pacific,12,2Bl,0.28
47,Olympia,12,2Bl,0.553
47,Pacific,9,2Gr,0.18
47,Olympia,9,2Gr,0.62
47,Pacific,13,2Or,0.49
47,Olympia,13,2Or,0.727
47,Pacific,10,2Pk,0.16
47,Olympia,10,2Pk,0.642
47,Pacific,11,2Pu,0.26
47,Olympia,11,2Pu,0.477
47,Pacific,15,2Rd,0.46
47,Olympia,15,2Rd,0.655
47,Pacific,16,2Wh,0.32
47,Olympia,16,2Wh,0.328
47,Pacific,20,3Bl,0.36
47,Olympia,20,3Bl,0.753
47,Pacific,17,3Gr,0.28
47,Olympia,17,3Gr,0.488
47,Pacific,18,3Pk,0.4
47,Olympia,18,3Pk,0.736
47,Pacific,19,3Pu,0.25
47,Olympia,19,3Pu,0.587
48,Pacific,6,1Bk,0.33
48,Olympia,6,1Bk,0.58
48,Pacific,4,1Bl,0.14
48,Olympia,4,1Bl,0.496
48,Pacific,1,1Gr,0.12
48,Olympia,1,1Gr,0.345
48,Pacific,5,1Or,0.3
48,Olympia,5,1Or,0.891
48,Pacific,2,1Pk,0.08
48,Olympia,2,1Pk,0.574
48,Pacific,3,1Pu,0.07
48,Olympia,3,1Pu,0.361
48,Pacific,7,1Rd,0.21
48,Olympia,7,1Rd,0.45
48,Pacific,8,1Wh,0.11
48,Olympia,8,1Wh,0.4
48,Pacific,14,2Bk,0.27
48,Olympia,14,2Bk,1.245
48,Pacific,12,2Bl,0.21
48,Olympia,12,2Bl,0.482
48,Pacific,9,2Gr,0.21
48,Olympia,9,2Gr,0.688
48,Pacific,13,2Or,0.37
48,Olympia,13,2Or,0.789
48,Pacific,10,2Pk,0.08
48,Olympia,10,2Pk,0.595
48,Pacific,11,2Pu,0.14
48,Olympia,11,2Pu,0.495
48,Pacific,15,2Rd,0.23
48,Olympia,15,2Rd,0.572
48,Pacific,16,2Wh,0.23
48,Olympia,16,2Wh,0.814
48,Pacific,20,3Bl,0.21
48,Olympia,20,3Bl,0.693
48,Pacific,17,3Gr,0.35
48,Olympia,17,3Gr,0.633
48,Pacific,18,3Pk,0.36
48,Olympia,18,3Pk,0.602
48,Pacific,19,3Pu,0.24
48,Olympia,19,3Pu,0.463
49,Olympia,6,1Bk,0.177
49,Pacific,4,1Bl,0.2
49,Olympia,4,1Bl,0.372
49,Pacific,1,1Gr,0.13
49,Olympia,1,1Gr,0.271
49,Pacific,5,1Or,0.16
49,Olympia,5,1Or,0.357
49,Olympia,2,1Pk,0.815
49,Pacific,3,1Pu,0.09
49,Olympia,3,1Pu,0.561
49,Pacific,6,1Rd,0.28
49,Olympia,7,1Rd,0.571
49,Pacific,2,1Si,0.12
49,Pacific,7,1Wh,0.19
49,Olympia,8,1Wh,0.153
49,Olympia,14,2Bk,0.343
49,Pacific,11,2Bl,0.22
49,Olympia,12,2Bl,0.325
49,Pacific,8,2Gr,0.23
49,Olympia,9,2Gr,0.482
49,Pacific,12,2Or,0.18
49,Olympia,13,2Or,0.51
49,Olympia,10,2Pk,0.678
49,Pacific,10,2Pu,0.33
49,Olympia,11,2Pu,1.004
49,Pacific,13,2Rd,0.31
49,Olympia,15,2Rd,0.344
49,Pacific,9,2Si,0.23
49,Pacific,14,2Wh,0.17
49,Olympia,16,2Wh,0.179
49,Pacific,18,3Bl,0.48
49,Olympia,20,3Bl,0.162
49,Pacific,15,3Gr,0.36
49,Olympia,17,3Gr,0.467
49,Pacific,19,3Or,0.33
49,Olympia,18,3Pk,0.597
49,Pacific,17,3Pu,0.63
49,Olympia,19,3Pu,0.322
49,Pacific,20,3Rd,0.39
49,Pacific,16,3Si,0.3
50,Olympia,6,1Bk,0.307
50,Pacific,4,1Bl,0.11
50,Olympia,4,1Bl,0.307
50,Pacific,1,1Gr,0.1
50,Olympia,1,1Gr,0.266
50,Pacific,5,1Or,0.15
50,Olympia,5,1Or,0.336
50,Olympia,2,1Pk,0.202
50,Pacific,3,1Pu,0.08
50,Olympia,3,1Pu,0.525
50,Pacific,6,1Rd,0.12
50,Olympia,7,1Rd,0.384
50,Pacific,2,1Si,0.12
50,Pacific,7,1Wh,0.23
50,Olympia,8,1Wh,0.17
50,Olympia,14,2Bk,0.714
50,Pacific,11,2Bl,0.29
50,Olympia,12,2Bl,0.324
50,Pacific,8,2Gr,0.13
50,Olympia,9,2Gr,0.351
50,Pacific,12,2Or,0.18
50,Olympia,13,2Or,0.228
50,Olympia,10,2Pk,0.269
50,Pacific,10,2Pu,0.17
50,Olympia,11,2Pu,0.703
50,Pacific,13,2Rd,0.17
50,Olympia,15,2Rd,0.467
50,Pacific,9,2Si,0.14
50,Pacific,14,2Wh,0.31
50,Olympia,16,2Wh,0.261
50,Pacific,18,3Bl,0.29
50,Olympia,20,3Bl,0.405
50,Pacific,15,3Gr,0.48
50,Olympia,17,3Gr,0.231
50,Pacific,19,3Or,0.3
50,Olympia,18,3Pk,0.218
50,Pacific,17,3Pu,0.37
50,Olympia,19,3Pu,0.413
50,Pacific,20,3Rd,0.23
50,Pacific,16,3Si,0.34
51,Pacific,4,1Bl,0.12
51,Olympia,4,1Bl,0.315
51,Pacific,1,1Gr,0.16
51,Olympia,1,1Gr,0.399
51,Pacific,5,1Or,0.16
51,Olympia,5,1Or,0.195
51,Olympia,1,1Pk,0.23
51,Pacific,3,1Pu,0.15
51,Olympia,3,1Pu,0.176
51,Pacific,6,1Rd,0.07
51,Olympia,7,1Rd,0.408
51,Pacific,2,1Si,0.11
51,Olympia,21,1Si,0.635
51,Pacific,7,1Wh,0.2
51,Olympia,8,1Wh,0.304
51,Pacific,11,2Bl,0.24
51,Olympia,12,2Bl,0.276
51,Pacific,8,2Gr,0.2
51,Olympia,9,2Gr,0.393
51,Pacific,12,2Or,0.14
51,Olympia,13,2Or,0.486
51,Olympia,10,2Pk,0.336
51,Pacific,10,2Pu,0.2
51,Olympia,11,2Pu,0.25
51,Pacific,13,2Rd,0.21
51,Olympia,15,2Rd,0.467
51,Pacific,9,2Si,0.17
51,Olympia,22,2Si,0.392
51,Pacific,14,2Wh,0.5
51,Olympia,16,2Wh,0.456
51,Olympia,20,3Bl,0.755
51,Pacific,18,3Bl,0.31
51,Pacific,15,3Gr,0.4
51,Olympia,17,3Gr,0.6
51,Pacific,19,3Or,0.48
51,Olympia,18,3Pk,0.862
51,Pacific,17,3Pu,0.28
51,Olympia,19,3Pu,0.883
52,Pacific,4,1Bl,0.04
52,Olympia,4,1Bl,0.316
52,Pacific,1,1Gr,0.09
52,Olympia,1,1Gr,0.262
52,Pacific,5,1Or,0.07
52,Olympia,5,1Or,0.266
52,Olympia,2,1Pk,0.177
52,Pacific,3,1Pu,0.06
52,Olympia,3,1Pu,0.251
52,Pacific,6,1Rd,0.09
52,Olympia,7,1Rd,0.263
52,Pacific,2,1Si,0.07
52,Olympia,21,1Si,0.672
52,Pacific,7,1Wh,0.17
52,Olympia,8,1Wh,0.181
52,Pacific,11,2Bl,0.24
52,Olympia,12,2Bl,0.298
52,Pacific,8,2Gr,0.2
52,Olympia,9,2Gr,0.416
52,Pacific,12,2Or,0.15
52,Olympia,13,2Or,0.304
52,Olympia,10,2Pk,0.29
52,Pacific,10,2Pu,0.13
52,Olympia,11,2Pu,0.418
52,Pacific,13,2Rd,0.13
52,Olympia,15,2Rd,0.229
52,Pacific,9,2Si,0.28
52,Olympia,22,2Si,0.479
52,Pacific,14,2Wh,0.3
52,Olympia,16,2Wh,0.406
52,Olympia,20,3Bl,0.303
52,Pacific,18,3Bl,0.37
52,Pacific,15,3Gr,0.4
52,Olympia,17,3Gr,0.726
52,Pacific,19,3Or,0.29
52,Olympia,18,3Pk,0.505
52,Pacific,17,3Pu,0.27
52,Olympia,19,3Pu,0.532
53,Olympia,6,1Bk,0.147
53,Pacific,4,1Bl,0.17
54,Olympia,6,1Bk,0.26
54,Pacific,4,1Bl,0.12
53,Olympia,4,1Bl,0.424
53,Pacific,1,1Gr,0.16
53,Olympia,1,1Gr,0.611
53,Pacific,5,1Or,0.09
53,Olympia,5,1Or,0.169
53,Olympia,2,1Pk,0.433
53,Pacific,3,1Pu,0.08
53,Olympia,3,1Pu,0.347
53,Pacific,6,1Rd,0.07
53,Olympia,7,1Rd,0.4
53,Pacific,2,1Si,0.21
53,Pacific,7,1Wh,0.15
53,Olympia,8,1Wh,0.232
53,Olympia,14,2Bk,0.433
53,Pacific,11,2Bl,0.19
53,Olympia,12,2Bl,0.455
53,Pacific,8,2Gr,0.15
53,Olympia,9,2Gr,0.65
53,Pacific,12,2Or,0.24
53,Olympia,13,2Or,0.26
53,Olympia,10,2Pk,0.502
53,Pacific,10,2Pu,0.18
53,Olympia,11,2Pu,0.51
53,Pacific,13,2Rd,0.22
53,Olympia,15,2Rd,0.212
53,Pacific,9,2Si,0.25
53,Pacific,14,2Wh,0.2
53,Olympia,16,2Wh,0.227
53,Olympia,20,3Bl,0.553
53,Pacific,18,3Bl,0.26
53,Pacific,15,3Gr,0.46
53,Olympia,17,3Gr,0.701
53,Pacific,19,3Or,0.28
53,Olympia,18,3Pk,0.738
53,Pacific,17,3Pu,0.18
53,Olympia,19,3Pu,0.797
53,Pacific,20,3Rd,0.14
53,Pacific,16,3Si,0.24
55,Olympia,6,1Bk,0.287
55,Pacific,4,1Bl,0.14
54,Olympia,4,1Bl,0.191
54,Pacific,1,1Gr,0.12
54,Olympia,1,1Gr,0.248
54,Pacific,5,1Or,0.16
54,Olympia,5,1Or,0.254
54,Olympia,2,1Pk,0.3
54,Pacific,3,1Pu,0.1
54,Olympia,3,1Pu,0.333
54,Pacific,6,1Rd,0.13
54,Olympia,7,1Rd,0.22
54,Pacific,2,1Si,0.21
54,Pacific,7,1Wh,0.2
54,Olympia,8,1Wh,0.35
54,Olympia,14,2Bk,0.56
54,Olympia,12,2Bl,0.51
54,Pacific,11,2Bl,0.18
54,Pacific,8,2Gr,0.33
54,Olympia,9,2Gr,0.542
54,Pacific,12,2Or,0.14
54,Olympia,13,2Or,0.549
54,Olympia,10,2Pk,0.665
54,Pacific,10,2Pu,0.24
54,Olympia,11,2Pu,0.253
54,Pacific,13,2Rd,0.2
54,Olympia,15,2Rd,0.176
54,Pacific,9,2Si,0.25
54,Pacific,14,2Wh,0.31
54,Olympia,16,2Wh,0.366
54,Olympia,20,3Bl,0.835
54,Pacific,18,3Bl,0.36
54,Pacific,15,3Gr,0.46
54,Olympia,17,3Gr,0.594
56,Olympia,6,1Bk,0.249
56,Pacific,4,1Bl,0.1
54,Pacific,19,3Or,0.36
54,Olympia,18,3Pk,0.409
54,Pacific,17,3Pu,0.41
54,Olympia,19,3Pu,0.326
54,Pacific,20,3Rd,0.41
54,Pacific,16,3Si,0.36
55,Olympia,4,1Bl,0.182
55,Pacific,1,1Gr,0.1
55,Olympia,1,1Gr,0.193
55,Pacific,5,1Or,0.14
55,Olympia,5,1Or,0.363
55,Olympia,2,1Pk,0.172
55,Pacific,3,1Pu,0.08
55,Olympia,3,1Pu,0.116
55,Pacific,6,1Rd,0.09
55,Olympia,7,1Rd,0.245
55,Pacific,2,1Si,0.1
55,Pacific,7,1Wh,0.13
55,Olympia,8,1Wh,0.4
55,Olympia,14,2Bk,0.732
55,Pacific,11,2Bl,0.18
55,Olympia,12,2Bl,0.597
55,Pacific,8,2Gr,0.19
55,Olympia,9,2Gr,0.532
55,Pacific,12,2Or,0.17
55,Olympia,13,2Or,0.522
55,Olympia,10,2Pk,0.243
55,Pacific,10,2Pu,0.14
55,Olympia,11,2Pu,0.311
55,Pacific,13,2Rd,0.18
55,Olympia,15,2Rd,0.226
55,Pacific,9,2Si,0.18
55,Pacific,14,2Wh,0.26
55,Olympia,16,2Wh,0.782
55,Olympia,20,3Bl,0.432
55,Pacific,18,3Bl,0.35
55,Pacific,15,3Gr,0.28
55,Olympia,17,3Gr,0.251
55,Pacific,19,3Or,0.4
55,Olympia,18,3Pk,0.591
55,Pacific,17,3Pu,0.37
55,Olympia,19,3Pu,0.477
55,Pacific,20,3Rd,0.42
55,Pacific,16,3Si,0.42
57,Pacific,4,1Bl,0.04
57,Olympia,4,1Bl,0.254
56,Olympia,4,1Bl,0.15
56,Pacific,1,1Gr,0.07
56,Olympia,1,1Gr,0.133
56,Pacific,5,1Or,0.08
56,Olympia,5,1Or,0.258
56,Olympia,2,1Pk,0.237
56,Pacific,3,1Pu,0.11
56,Olympia,3,1Pu,0.271
56,Pacific,6,1Rd,0.07
56,Olympia,7,1Rd,0.223
56,Pacific,2,1Si,0.09
56,Pacific,7,1Wh,0.18
56,Olympia,8,1Wh,0.405
56,Olympia,14,2Bk,0.277
56,Pacific,11,2Bl,0.19
56,Olympia,12,2Bl,0.6
56,Pacific,8,2Gr,0.22
56,Olympia,9,2Gr,0.379
56,Pacific,12,2Or,0.14
56,Olympia,13,2Or,0.392
56,Olympia,10,2Pk,0.441
56,Pacific,10,2Pu,0.18
56,Olympia,11,2Pu,0.465
56,Pacific,13,2Rd,0.12
56,Olympia,15,2Rd,0.488
56,Pacific,9,2Si,0.25
56,Pacific,14,2Wh,0.35
56,Olympia,16,2Wh,0.251
56,Olympia,20,3Bl,1.045
56,Pacific,18,3Bl,0.33
56,Pacific,15,3Gr,0.45
56,Olympia,17,3Gr,0.971
56,Pacific,19,3Or,0.24
56,Olympia,18,3Pk,0.508
56,Pacific,17,3Pu,0.25
56,Olympia,19,3Pu,0.722
56,Pacific,20,3Rd,0.29
56,Pacific,16,3Si,0.31
58,Pacific,4,1Bl,0.08
58,Olympia,4,1Bl,0.285
57,Pacific,1,1Gr,0.05
57,Olympia,1,1Gr,0.158
57,Pacific,5,1Or,0.05
57,Olympia,5,1Or,0.255
57,Pacific,3,1Pu,0.11
57,Olympia,3,1Pu,0.415
57,Pacific,6,1Rd,0.05
57,Olympia,7,1Rd,0.348
57,Pacific,2,1Si,0.07
57,Olympia,21,1Si,0.399
57,Pacific,7,1Wh,0.17
57,Olympia,8,1Wh,0.225
57,Pacific,11,2Bl,0.21
57,Olympia,12,2Bl,0.35
57,Pacific,8,2Gr,0.21
57,Olympia,9,2Gr,0.326
57,Pacific,12,2Or,0.09
57,Olympia,13,2Or,0.386
57,Pacific,10,2Pu,0.18
57,Olympia,11,2Pu,0.574
57,Pacific,13,2Rd,0.18
57,Olympia,15,2Rd,0.276
57,Pacific,9,2Si,0.55
57,Olympia,22,2Si,0.462
57,Pacific,14,2Wh,0.25
57,Olympia,16,2Wh,0.391
57,Olympia,20,3Bl,0.397
57,Pacific,18,3Bl,0.39
57,Pacific,15,3Gr,0.23
57,Olympia,17,3Gr,0.423
57,Pacific,19,3Or,0.39
57,Olympia,23,3Or,0.39
57,Pacific,17,3Pu,0.36
59,Pacific,4,1Bl,0.13
59,Olympia,4,1Bl,0.249
60,Pacific,20,3Rd,0.18
60,Olympia,20,3Bl,0.767
61,Pacific,4,1Bl,0.12
61,Olympia,4,1Bl,0.377
62,Pacific,4,1Bl,0.1
58,Pacific,1,1Gr,0.14
58,Olympia,1,1Gr,0.528
58,Pacific,5,1Or,0.06
58,Olympia,5,1Or,0.155
58,Pacific,3,1Pu,0.12
58,Olympia,3,1Pu,0.426
58,Pacific,6,1Rd,0.1
58,Olympia,7,1Rd,0.197
58,Pacific,2,1Si,0.1
58,Olympia,21,1Si,0.38
58,Pacific,7,1Wh,0.19
58,Olympia,8,1Wh,0.31
58,Pacific,11,2Bl,0.16
58,Olympia,12,2Bl,0.434
58,Pacific,8,2Gr,0.18
58,Olympia,9,2Gr,0.889
58,Pacific,12,2Or,0.11
58,Olympia,13,2Or,0.263
58,Pacific,10,2Pu,0.14
58,Olympia,11,2Pu,0.434
58,Pacific,13,2Rd,0.21
58,Olympia,15,2Rd,0.653
58,Pacific,9,2Si,0.18
58,Olympia,22,2Si,0.73
58,Pacific,14,2Wh,0.35
58,Olympia,16,2Wh,0.211
58,Olympia,20,3Bl,0.397
58,Pacific,18,3Bl,0.35
58,Pacific,15,3Gr,0.34
58,Olympia,17,3Gr,0.556
58,Pacific,19,3Or,0.43
58,Olympia,23,3Or,0.431
58,Pacific,17,3Pu,0.34
62,Olympia,4,1Bl,0.407
63,Pacific,4,1Bl,0.08
63,Olympia,4,1Bl,0.277
64,Pacific,4,1Bl,0.09
64,Olympia,4,1Bl,0.279
65,Pacific,4,1Bl,0.07
65,Olympia,4,1Bl,0.269
59,Pacific,1,1Gr,0.09
59,Olympia,1,1Gr,0.399
59,Pacific,5,1Or,0.07
59,Olympia,5,1Or,0.212
59,Pacific,3,1Pu,0.08
59,Olympia,3,1Pu,0.348
59,Pacific,6,1Rd,0.13
59,Olympia,7,1Rd,0.342
59,Pacific,2,1Si,0.12
59,Olympia,21,1Si,0.215
59,Pacific,7,1Wh,0.17
59,Olympia,8,1Wh,0.229
59,Pacific,11,2Bl,0.15
59,Olympia,12,2Bl,0.354
59,Pacific,8,2Gr,0.33
59,Olympia,9,2Gr,0.446
59,Pacific,12,2Or,0.21
59,Olympia,13,2Or,1.182
59,Pacific,10,2Pu,0.14
59,Olympia,11,2Pu,0.579
59,Pacific,13,2Rd,0.25
59,Olympia,15,2Rd,0.54
59,Pacific,9,2Si,0.19
59,Olympia,22,2Si,0.519
59,Pacific,14,2Wh,0.33
59,Olympia,16,2Wh,0.337
59,Olympia,20,3Bl,0.778
59,Pacific,18,3Bl,0.38
59,Pacific,15,3Gr,0.25
59,Olympia,17,3Gr,0.739
59,Pacific,19,3Or,0.5
59,Olympia,23,3Or,0.476
59,Pacific,17,3Pu,0.3
66,Pacific,4,1Bl,0.09
66,Olympia,4,1Bl,0.26
67,Pacific,4,1Bl,0.07
67,Olympia,4,1Bl,0.276
68,Pacific,4,1Bl,0.13
68,Olympia,4,1Bl,0.438
69,Pacific,4,1Bl,0.12
60,Pacific,1,1Gr,0.15
60,Olympia,1,1Gr,0.219
60,Pacific,2,1Si,0.13
60,Pacific,3,1Pu,0.1
60,Olympia,3,1Pu,0.318
60,Pacific,4,1Bl,0.11
60,Olympia,4,1Bl,0.312
60,Pacific,5,1Or,0.09
60,Olympia,5,1Or,0.443
60,Pacific,6,1Rd,0.11
60,Pacific,7,1Wh,0.14
60,Olympia,7,1Rd,1.141
60,Pacific,8,2Gr,0.18
60,Olympia,8,1Wh,0.238
60,Pacific,9,2Si,0.13
60,Olympia,9,2Gr,0.428
60,Pacific,10,2Pu,0.17
60,Pacific,11,2Bl,0.13
60,Olympia,11,2Pu,0.553
60,Pacific,12,2Or,0.2
60,Olympia,12,2Bl,0.243
60,Pacific,13,2Rd,0.23
60,Olympia,13,2Or,0.267
60,Pacific,14,2Wh,0.24
60,Pacific,15,3Gr,0.25
60,Olympia,15,2Rd,0.538
60,Pacific,16,3Si,0.33
60,Olympia,16,2Wh,0.291
60,Pacific,17,3Pu,0.22
60,Olympia,17,3Gr,0.506
60,Pacific,18,3Bl,0.28
60,Pacific,19,3Or,0.29
60,Olympia,19,3Pu,0.426
69,Olympia,4,1Bl,0.35
70,Pacific,4,1Bl,0.1
70,Olympia,4,1Bl,0.251
71,Pacific,4,1Bl,0.07
71,Olympia,4,1Bl,0.163
72,Pacific,4,1Bl,0.07
72,Olympia,4,1Bl,0.183
61,Pacific,1,1Gr,0.11
61,Olympia,1,1Gr,0.16
61,Pacific,5,1Or,0.09
61,Olympia,5,1Or,0.461
61,Pacific,3,1Pu,0.16
61,Olympia,3,1Pu,0.379
61,Pacific,6,1Rd,0.07
61,Olympia,7,1Rd,0.279
61,Pacific,2,1Si,0.1
61,Olympia,21,1Si,0.305
61,Pacific,7,1Wh,0.13
61,Olympia,8,1Wh,0.258
61,Pacific,11,2Bl,0.17
61,Olympia,12,2Bl,0.404
61,Pacific,8,2Gr,0.23
61,Olympia,9,2Gr,0.479
61,Pacific,12,2Or,0.13
61,Olympia,13,2Or,0.518
61,Pacific,10,2Pu,0.17
61,Olympia,11,2Pu,0.507
61,Pacific,13,2Rd,0.15
61,Olympia,15,2Rd,0.437
61,Pacific,9,2Si,0.12
61,Olympia,22,2Si,0.361
61,Pacific,14,2Wh,0.13
61,Olympia,16,2Wh,0.368
61,Pacific,18,3Bl,0.54
61,Olympia,20,3Bl,0.479
61,Pacific,15,3Gr,0.44
61,Olympia,17,3Gr,0.791
61,Pacific,19,3Or,0.3
61,Olympia,23,3Or,0.612
61,Pacific,17,3Pu,0.38
73,Pacific,4,1Bl,0.17
73,Olympia,4,1Bl,0.193
74,Pacific,4,1Bl,0.22
74,Olympia,4,1Bl,0.366
75,Pacific,4,1Bl,0.086
75,Olympia,4,1Bl,0.414
76,Pacific,20,3Rd,0.45
62,Pacific,1,1Gr,0.08
62,Olympia,1,1Gr,0.222
62,Pacific,5,1Or,0.08
62,Olympia,5,1Or,0.343
62,Pacific,3,1Pu,0.08
62,Olympia,3,1Pu,0.35
62,Pacific,6,1Rd,0.05
62,Olympia,7,1Rd,0.192
62,Pacific,2,1Si,0.12
62,Olympia,21,1Si,0.595
62,Pacific,7,1Wh,0.04
62,Olympia,8,1Wh,0.637
62,Pacific,11,2Bl,0.15
62,Olympia,12,2Bl,0.34
62,Pacific,8,2Gr,0.19
62,Olympia,9,2Gr,0.575
62,Pacific,12,2Or,0.19
62,Olympia,13,2Or,0.577
62,Pacific,10,2Pu,0.21
62,Olympia,11,2Pu,0.455
62,Pacific,13,2Rd,0.2
62,Olympia,15,2Rd,0.266
62,Pacific,9,2Si,0.19
62,Olympia,22,2Si,0.602
62,Pacific,14,2Wh,0.13
62,Olympia,16,2Wh,0.545
62,Olympia,20,3Bl,0.436
62,Pacific,18,3Bl,0.37
62,Pacific,15,3Gr,0.38
62,Olympia,17,3Gr,1.232
62,Pacific,19,3Or,0.29
62,Olympia,23,3Or,0.641
62,Pacific,17,3Pu,0.33
76,Olympia,20,3Bl,0.447
77,Pacific,4,1Bl,0.159
77,Olympia,4,1Bl,0.51
78,Pacific,4,1Bl,0.13
78,Olympia,4,1Bl,0.542
79,Pacific,4,1Bl,0.088
79,Olympia,4,1Bl,0.183
63,Pacific,1,1Gr,0.12
63,Olympia,1,1Gr,0.55
63,Pacific,5,1Or,0.09
63,Olympia,5,1Or,0.395
63,Pacific,3,1Pu,0.06
63,Olympia,3,1Pu,0.334
63,Pacific,6,1Rd,0.03
63,Olympia,7,1Rd,0.29
63,Pacific,2,1Si,0.09
63,Olympia,21,1Si,0.868
63,Pacific,7,1Wh,0.09
63,Olympia,8,1Wh,0.169
63,Pacific,11,2Bl,0.11
63,Olympia,12,2Bl,0.402
63,Pacific,8,2Gr,0.11
63,Olympia,9,2Gr,0.718
63,Pacific,12,2Or,0.11
63,Olympia,13,2Or,0.407
63,Pacific,10,2Pu,0.13
63,Olympia,11,2Pu,0.476
63,Pacific,13,2Rd,0.12
63,Olympia,15,2Rd,0.591
63,Pacific,9,2Si,0.13
63,Olympia,22,2Si,0.626
63,Pacific,14,2Wh,0.11
63,Olympia,16,2Wh,0.229
63,Olympia,20,3Bl,0.571
63,Pacific,18,3Bl,0.45
63,Pacific,15,3Gr,0.23
63,Olympia,17,3Gr,0.822
63,Pacific,19,3Or,0.37
63,Olympia,23,3Or,1.188
63,Pacific,17,3Pu,0.31
80,Pacific,4,1Bl,0.137
80,Olympia,4,1Bl,0.757
81,Pacific,4,1Bl,0.153
81,Olympia,4,1Bl,0.239
82,Pacific,4,1Bl,0.186
82,Olympia,4,1Bl,0.322
83,Pacific,4,1Bl,0.258
64,Pacific,1,1Gr,0.07
64,Olympia,1,1Gr,0.261
64,Pacific,5,1Or,0.05
64,Olympia,5,1Or,0.581
64,Pacific,3,1Pu,0.07
64,Olympia,3,1Pu,0.622
64,Pacific,6,1Rd,0.07
64,Olympia,7,1Rd,0.523
64,Pacific,2,1Si,0.08
64,Olympia,21,1Si,0.709
64,Pacific,7,1Wh,0.18
64,Olympia,8,1Wh,0.321
64,Pacific,11,2Bl,0.34
64,Olympia,12,2Bl,0.53
64,Pacific,8,2Gr,0.14
64,Olympia,9,2Gr,0.274
64,Pacific,12,2Or,0.21
64,Olympia,13,2Or,0.761
64,Pacific,10,2Pu,0.19
64,Olympia,11,2Pu,0.43
64,Pacific,13,2Rd,0.3
64,Olympia,15,2Rd,0.487
64,Pacific,9,2Si,0.33
64,Olympia,22,2Si,0.427
64,Pacific,14,2Wh,0.13
64,Olympia,16,2Wh,0.175
64,Olympia,20,3Bl,1.013
64,Pacific,18,3Bl,0.25
64,Pacific,15,3Gr,0.48
64,Olympia,17,3Gr,0.508
64,Pacific,19,3Or,0.2
64,Olympia,23,3Or,0.648
64,Pacific,17,3Pu,0.33
83,Olympia,4,1Bl,0.314
84,Pacific,4,1Bl,0.135
84,Olympia,4,1Bl,0.204
85,Pacific,4,1Bl,0.17
85,Olympia,4,1Bl,0.28
51,Pacific,20,3Rd,0.5
52,Pacific,20,3Rd,0.41
65,Pacific,1,1Gr,0.1
65,Olympia,1,1Gr,0.173
65,Pacific,5,1Or,0.08
65,Olympia,5,1Or,0.293
65,Pacific,3,1Pu,0.12
65,Olympia,3,1Pu,0.216
65,Pacific,6,1Rd,0.08
65,Olympia,7,1Rd,0.27
65,Pacific,2,1Si,0.03
65,Olympia,21,1Si,0.321
65,Pacific,7,1Wh,0.12
65,Olympia,8,1Wh,0.439
65,Pacific,11,2Bl,0.15
65,Olympia,12,2Bl,0.272
65,Pacific,8,2Gr,0.15
65,Olympia,9,2Gr,0.469
65,Pacific,12,2Or,0.13
65,Olympia,13,2Or,0.318
65,Pacific,10,2Pu,0.1
65,Olympia,11,2Pu,0.6
65,Pacific,13,2Rd,0.16
65,Olympia,15,2Rd,0.315
65,Pacific,9,2Si,0.14
65,Olympia,22,2Si,0.748
65,Pacific,14,2Wh,0.15
65,Olympia,16,2Wh,0.382
65,Olympia,20,3Bl,0.664
65,Pacific,18,3Bl,0.27
65,Pacific,15,3Gr,0.26
65,Olympia,17,3Gr,0.823
65,Pacific,19,3Or,0.41
65,Olympia,23,3Or,0.791
65,Pacific,17,3Pu,0.23
57,Olympia,19,3Pu,1.286
58,Olympia,19,3Pu,0.546
59,Olympia,19,3Pu,0.966
60,Olympia,21,1Si,0.235
61,Olympia,19,3Pu,0.491
62,Olympia,19,3Pu,0.569
63,Olympia,19,3Pu,0.453
66,Pacific,1,1Gr,0.08
66,Olympia,1,1Gr,0.32
66,Pacific,5,1Or,0.05
66,Olympia,5,1Or,0.271
66,Pacific,3,1Pu,0.06
66,Olympia,3,1Pu,0.27
66,Pacific,6,1Rd,0.11
66,Olympia,7,1Rd,0.332
66,Pacific,2,1Si,0.09
66,Olympia,21,1Si,0.27
66,Pacific,7,1Wh,0.14
66,Olympia,8,1Wh,0.476
66,Pacific,11,2Bl,0.1
66,Olympia,12,2Bl,0.456
66,Pacific,8,2Gr,0.08
66,Olympia,9,2Gr,0.682
66,Pacific,12,2Or,0.25
66,Olympia,13,2Or,0.645
66,Pacific,10,2Pu,0.12
66,Olympia,11,2Pu,0.467
66,Pacific,13,2Rd,0.16
66,Olympia,15,2Rd,0.794
66,Pacific,9,2Si,0.11
66,Olympia,22,2Si,0.656
66,Pacific,14,2Wh,0.27
66,Olympia,16,2Wh,0.351
66,Olympia,20,3Bl,0.825
66,Pacific,18,3Bl,0.22
66,Pacific,15,3Gr,0.22
66,Olympia,17,3Gr,1.157
66,Pacific,19,3Or,0.33
66,Olympia,23,3Or,0.714
66,Pacific,17,3Pu,0.21
64,Olympia,19,3Pu,0.652
65,Olympia,19,3Pu,0.903
66,Olympia,19,3Pu,0.85
67,Pacific,1,1Gr,0.16
68,Pacific,1,1Gr,0.14
69,Pacific,1,1Gr,0.09
70,Pacific,1,1Gr,0.09
67,Olympia,1,1Gr,0.754
67,Pacific,5,1Or,0.16
67,Olympia,5,1Or,0.277
67,Pacific,3,1Pu,0.11
67,Olympia,3,1Pu,0.225
67,Pacific,6,1Rd,0.11
67,Olympia,7,1Rd,0.286
67,Olympia,21,1Si,0.475
67,Pacific,2,1Si,0.05
67,Pacific,7,1Wh,0.35
67,Olympia,8,1Wh,0.683
67,Pacific,11,2Bl,0.23
67,Olympia,12,2Bl,0.616
67,Pacific,8,2Gr,0.25
67,Olympia,9,2Gr,0.621
67,Pacific,12,2Or,0.2
67,Olympia,13,2Or,0.215
67,Pacific,10,2Pu,0.35
67,Olympia,11,2Pu,0.306
67,Pacific,13,2Rd,0.18
67,Olympia,15,2Rd,0.216
67,Pacific,9,2Si,0.12
67,Olympia,22,2Si,0.664
67,Pacific,14,2Wh,0.4
67,Olympia,16,2Wh,0.669
67,Olympia,20,3Bl,0.266
67,Pacific,18,3Bl,0.45
67,Pacific,15,3Gr,0.28
67,Olympia,17,3Gr,0.511
67,Pacific,19,3Or,0.43
67,Olympia,23,3Or,0.885
67,Pacific,17,3Pu,0.21
67,Olympia,19,3Pu,0.2
71,Pacific,1,1Gr,0.14
72,Pacific,1,1Gr,0.11
73,Pacific,1,1Gr,0.49
74,Pacific,1,1Gr,0.22
75,Pacific,1,1Gr,0.082
76,Olympia,21,1Si,0.271
77,Pacific,1,1Gr,0.171
68,Olympia,1,1Gr,1.417
68,Pacific,5,1Or,0.06
68,Olympia,5,1Or,0.293
68,Pacific,3,1Pu,0.12
68,Olympia,3,1Pu,1.608
68,Pacific,6,1Rd,0.09
68,Olympia,7,1Rd,0.373
68,Olympia,21,1Si,0.332
68,Pacific,2,1Si,0.12
68,Pacific,7,1Wh,0.11
68,Olympia,8,1Wh,0.366
68,Pacific,11,2Bl,0.24
68,Olympia,12,2Bl,0.116
68,Pacific,8,2Gr,0.22
68,Olympia,9,2Gr,0.199
68,Pacific,12,2Or,0.23
68,Olympia,13,2Or,0.841
68,Pacific,10,2Pu,0.24
68,Olympia,11,2Pu,0.37
68,Pacific,13,2Rd,0.18
68,Olympia,15,2Rd,0.759
68,Pacific,9,2Si,0.19
68,Olympia,22,2Si,0.65
68,Pacific,14,2Wh,0.18
68,Olympia,16,2Wh,0.633
68,Olympia,20,3Bl,0.326
68,Pacific,18,3Bl,0.24
68,Pacific,15,3Gr,0.26
68,Olympia,17,3Gr,0.724
68,Pacific,19,3Or,0.26
68,Olympia,23,3Or,0.379
68,Pacific,17,3Pu,0.27
68,Olympia,19,3Pu,0.705
78,Pacific,1,1Gr,0.162
79,Pacific,1,1Gr,0.067
80,Pacific,1,1Gr,0.134
81,Pacific,1,1Gr,0.169
82,Pacific,1,1Gr,0.141
83,Pacific,1,1Gr,0.118
84,Pacific,1,1Gr,0.09
69,Olympia,1,1Gr,0.43
69,Pacific,5,1Or,0.13
69,Olympia,5,1Or,0.249
69,Pacific,3,1Pu,0.14
69,Olympia,3,1Pu,0.277
69,Pacific,6,1Rd,0.07
69,Olympia,7,1Rd,0.399
69,Olympia,21,1Si,0.465
69,Pacific,2,1Si,0.11
69,Pacific,7,1Wh,0.13
69,Olympia,8,1Wh,0.435
69,Pacific,11,2Bl,0.21
69,Olympia,12,2Bl,0.791
69,Pacific,8,2Gr,0.15
69,Olympia,9,2Gr,0.855
69,Pacific,12,2Or,0.24
69,Olympia,13,2Or,0.831
69,Pacific,10,2Pu,0.23
69,Olympia,11,2Pu,0.606
69,Pacific,13,2Rd,0.2
69,Olympia,15,2Rd,0.545
69,Pacific,9,2Si,0.15
69,Olympia,22,2Si,0.494
69,Pacific,14,2Wh,0.19
69,Olympia,16,2Wh,0.633
69,Olympia,20,3Bl,1.12
69,Pacific,18,3Bl,0.26
69,Pacific,15,3Gr,0.4
69,Olympia,17,3Gr,0.962
69,Pacific,19,3Or,0.25
69,Olympia,23,3Or,1.028
69,Pacific,17,3Pu,0.14
69,Olympia,19,3Pu,0.646
85,Pacific,1,1Gr,0.141
51,Pacific,16,3Si,0.26
52,Pacific,16,3Si,0.41
57,Pacific,20,3Rd,0.22
58,Pacific,20,3Rd,0.32
59,Pacific,20,3Rd,0.3
60,Olympia,22,2Si,0.421
70,Olympia,1,1Gr,0.487
70,Pacific,5,1Or,0.1
70,Olympia,5,1Or,0.348
70,Pacific,3,1Pu,0.1
70,Olympia,3,1Pu,0.348
70,Pacific,6,1Rd,0.14
70,Olympia,7,1Rd,0.422
70,Olympia,21,1Si,0.246
70,Pacific,2,1Si,0.08
70,Pacific,7,1Wh,0.12
70,Olympia,8,1Wh,0.612
70,Pacific,11,2Bl,0.1
70,Olympia,12,2Bl,0.728
70,Pacific,8,2Gr,0.12
70,Olympia,9,2Gr,0.508
70,Pacific,12,2Or,0.14
70,Olympia,13,2Or,0.697
70,Pacific,10,2Pu,0.14
70,Olympia,11,2Pu,1.155
70,Pacific,13,2Rd,0.19
70,Olympia,15,2Rd,0.883
70,Pacific,9,2Si,0.14
70,Olympia,22,2Si,0.464
70,Pacific,14,2Wh,0.22
70,Olympia,16,2Wh,0.546
70,Olympia,20,3Bl,0.947
70,Pacific,18,3Bl,0.16
70,Pacific,15,3Gr,0.14
70,Olympia,17,3Gr,0.995
70,Pacific,19,3Or,0.28
70,Olympia,23,3Or,0.938
70,Pacific,17,3Pu,0.18
70,Olympia,19,3Pu,0.685
61,Pacific,20,3Rd,0.27
62,Pacific,20,3Rd,0.18
63,Pacific,20,3Rd,0.37
64,Pacific,20,3Rd,0.43
65,Pacific,20,3Rd,0.38
66,Pacific,20,3Rd,0.34
67,Pacific,20,3Rd,0.31
71,Olympia,1,1Gr,0.145
71,Pacific,5,1Or,0.07
71,Olympia,5,1Or,0.39
71,Pacific,3,1Pu,0.06
71,Olympia,3,1Pu,0.187
71,Pacific,6,1Rd,0.07
71,Olympia,7,1Rd,0.401
71,Olympia,21,1Si,0.21
71,Pacific,2,1Si,0.11
71,Pacific,7,1Wh,0.1
71,Olympia,8,1Wh,0.155
71,Pacific,11,2Bl,0.09
71,Olympia,12,2Bl,0.255
71,Pacific,8,2Gr,0.12
71,Olympia,9,2Gr,0.451
71,Pacific,12,2Or,0.05
71,Olympia,13,2Or,0.523
71,Pacific,10,2Pu,0.06
71,Olympia,11,2Pu,0.251
71,Pacific,13,2Rd,0.09
71,Olympia,15,2Rd,0.297
71,Pacific,9,2Si,0.09
71,Olympia,22,2Si,0.437
71,Pacific,14,2Wh,0.12
71,Olympia,16,2Wh,0.286
71,Olympia,20,3Bl,0.87
71,Pacific,18,3Bl,0.06
71,Pacific,15,3Gr,0.1
71,Olympia,17,3Gr,0.257
71,Pacific,19,3Or,0.09
71,Olympia,23,3Or,1.011
71,Pacific,17,3Pu,0.12
71,Olympia,19,3Pu,0.293
68,Pacific,20,3Rd,0.35
69,Pacific,20,3Rd,0.34
70,Pacific,20,3Rd,0.24
71,Pacific,20,3Rd,0.18
72,Olympia,1,1Gr,0.179
73,Olympia,1,1Gr,0.131
74,Olympia,1,1Gr,0.268
72,Pacific,5,1Or,0.06
72,Olympia,5,1Or,0.316
72,Pacific,3,1Pu,0.06
72,Olympia,3,1Pu,0.242
72,Pacific,6,1Rd,0.08
72,Olympia,7,1Rd,0.322
72,Olympia,21,1Si,0.303
72,Pacific,2,1Si,0.05
72,Pacific,7,1Wh,0.08
72,Olympia,8,1Wh,0.482
72,Pacific,11,2Bl,0.1
72,Olympia,12,2Bl,0.194
72,Pacific,8,2Gr,0.08
72,Olympia,9,2Gr,0.461
72,Pacific,12,2Or,0.1
72,Olympia,13,2Or,0.568
72,Pacific,10,2Pu,0.1
72,Olympia,11,2Pu,0.27
72,Pacific,13,2Rd,0.14
72,Olympia,15,2Rd,1.006
72,Olympia,22,2Si,0.221
72,Pacific,9,2Si,0.09
72,Pacific,14,2Wh,0.22
72,Olympia,16,2Wh,0.772
72,Olympia,20,3Bl,0.463
72,Pacific,18,3Bl,0.24
72,Pacific,15,3Gr,0.53
72,Olympia,17,3Gr,0.681
72,Pacific,19,3Or,0.53
72,Olympia,23,3Or,0.461
72,Pacific,17,3Pu,0.17
72,Olympia,19,3Pu,0.327
72,Pacific,20,3Rd,0.21
75,Olympia,1,1Gr,0.632
76,Olympia,22,2Si,0.529
77,Olympia,1,1Gr,0.461
78,Olympia,1,1Gr,0.393
79,Olympia,1,1Gr,0.333
80,Olympia,1,1Gr,0.717
81,Olympia,1,1Gr,0.374
73,Pacific,5,1Or,0.1
73,Olympia,5,1Or,0.238
73,Pacific,3,1Pu,0.36
73,Olympia,3,1Pu,0.24
73,Pacific,6,1Rd,0.06
73,Olympia,7,1Rd,0.254
73,Olympia,21,1Si,0.186
73,Pacific,2,1Si,0.18
73,Pacific,7,1Wh,0.34
73,Olympia,8,1Wh,0.142
73,Pacific,11,2Bl,0.14
73,Olympia,12,2Bl,0.237
73,Pacific,8,2Gr,0.21
73,Olympia,9,2Gr,0.295
73,Pacific,12,2Or,0.06
73,Olympia,13,2Or,0.244
73,Pacific,10,2Pu,0.18
73,Olympia,11,2Pu,0.237
73,Pacific,13,2Rd,0.36
73,Olympia,15,2Rd,0.404
73,Olympia,22,2Si,0.181
73,Pacific,9,2Si,0.18
73,Pacific,14,2Wh,0.38
73,Olympia,16,2Wh,0.346
73,Olympia,20,3Bl,0.474
73,Pacific,18,3Bl,0.16
73,Pacific,15,3Gr,0.08
73,Olympia,17,3Gr,0.389
73,Pacific,19,3Or,0.24
73,Olympia,23,3Or,0.471
73,Pacific,17,3Pu,0.21
73,Olympia,19,3Pu,0.392
73,Pacific,20,3Rd,0.34
82,Olympia,1,1Gr,0.303
83,Olympia,1,1Gr,0.286
84,Olympia,1,1Gr,0.994
85,Olympia,1,1Gr,0.602
57,Olympia,24,3Rd,0.526
58,Olympia,24,3Rd,0.55
59,Olympia,24,3Rd,0.713
74,Pacific,5,1Or,0.13
74,Olympia,5,1Or,0.193
74,Pacific,3,1Pu,0.11
74,Olympia,3,1Pu,0.396
74,Pacific,6,1Rd,0.07
74,Olympia,7,1Rd,0.212
74,Olympia,21,1Si,0.236
74,Pacific,2,1Si,0.18
74,Pacific,7,1Wh,0.18
74,Olympia,8,1Wh,0.422
74,Pacific,11,2Bl,0.22
74,Olympia,12,2Bl,0.523
74,Pacific,8,2Gr,0.13
74,Olympia,9,2Gr,0.256
74,Pacific,12,2Or,0.16
74,Olympia,13,2Or,0.257
74,Pacific,10,2Pu,0.22
74,Olympia,11,2Pu,0.455
74,Pacific,13,2Rd,0.18
74,Olympia,15,2Rd,0.348
74,Olympia,22,2Si,0.465
74,Pacific,9,2Si,0.1
74,Pacific,14,2Wh,0.17
74,Olympia,16,2Wh,0.483
74,Olympia,20,3Bl,0.616
74,Pacific,18,3Bl,0.24
74,Pacific,15,3Gr,0.22
74,Olympia,17,3Gr,0.552
74,Pacific,19,3Or,0.17
74,Olympia,23,3Or,0.583
74,Pacific,17,3Pu,0.12
74,Olympia,19,3Pu,0.667
74,Pacific,20,3Rd,0.19
60,Olympia,23,3Or,0.855
61,Olympia,24,3Rd,0.564
62,Olympia,24,3Rd,0.469
63,Olympia,24,3Rd,0.461
64,Olympia,24,3Rd,0.453
65,Olympia,24,3Rd,0.709
66,Olympia,24,3Rd,1.03
75,Pacific,5,1Or,0.045
75,Olympia,5,1Or,0.44
75,Pacific,3,1Pu,0.049
75,Olympia,3,1Pu,0.54
75,Pacific,6,1Rd,0.11
75,Olympia,7,1Rd,0.511
75,Olympia,21,1Si,0.244
75,Pacific,2,1Si,0.061
75,Pacific,7,1Wh,0.051
75,Olympia,8,1Wh,0.329
75,Pacific,11,2Bl,0.266
75,Olympia,12,2Bl,0.454
75,Pacific,8,2Gr,0.09
75,Olympia,9,2Gr,0.493
75,Pacific,12,2Or,0.148
75,Olympia,13,2Or,0.47
75,Pacific,10,2Pu,0.19
75,Olympia,11,2Pu,0.383
75,Pacific,13,2Rd,0.269
75,Olympia,15,2Rd,0.56
75,Olympia,22,2Si,0.624
75,Pacific,9,2Si,0.143
75,Pacific,14,2Wh,0.189
75,Olympia,16,2Wh,0.603
75,Olympia,20,3Bl,0.774
75,Pacific,18,3Bl,0.251
75,Pacific,15,3Gr,0.216
75,Olympia,17,3Gr,1.065
75,Pacific,19,3Or,0.274
75,Olympia,23,3Or,0.665
75,Pacific,17,3Pu,0.243
75,Olympia,19,3Pu,1.023
75,Pacific,20,3Rd,0.361
67,Olympia,24,3Rd,0.544
68,Olympia,24,3Rd,0.282
69,Olympia,24,3Rd,0.747
70,Olympia,24,3Rd,1.018
71,Olympia,24,3Rd,0.6
72,Olympia,24,3Rd,0.731
73,Olympia,24,3Rd,0.174
76,Pacific,1,1Gr,0.182
76,Olympia,1,1Gr,0.287
76,Pacific,2,1Si,0.094
76,Pacific,3,1Pu,0.09
76,Olympia,3,1Pu,0.437
76,Pacific,4,1Bl,0.085
76,Olympia,4,1Bl,0.472
76,Pacific,5,1Or,0.082
76,Olympia,5,1Or,0.282
76,Pacific,6,1Rd,0.087
76,Pacific,7,1Wh,0.071
76,Olympia,7,1Rd,0.374
76,Pacific,8,2Gr,0.194
76,Olympia,8,1Wh,0.538
76,Pacific,9,2Si,0.108
76,Olympia,9,2Gr,0.905
76,Pacific,10,2Pu,0.123
76,Pacific,11,2Bl,0.149
76,Olympia,11,2Pu,0.559
76,Pacific,12,2Or,0.141
76,Olympia,12,2Bl,0.722
76,Pacific,13,2Rd,0.114
76,Olympia,13,2Or,0.495
76,Pacific,14,2Wh,0.115
76,Pacific,15,3Gr,0.152
76,Olympia,15,2Rd,0.482
76,Pacific,16,3Si,0.192
76,Olympia,16,2Wh,0.49
76,Pacific,17,3Pu,0.478
76,Olympia,17,3Gr,0.687
76,Pacific,18,3Bl,0.302
76,Pacific,19,3Or,0.412
76,Olympia,19,3Pu,1.098
74,Olympia,24,3Rd,0.874
75,Olympia,24,3Rd,0.691
76,Olympia,23,3Or,0.884
77,Pacific,5,1Or,0.107
78,Pacific,5,1Or,0.142
79,Pacific,5,1Or,0.128
80,Pacific,5,1Or,0.12
77,Olympia,5,1Or,0.378
77,Pacific,3,1Pu,0.217
77,Olympia,3,1Pu,0.53
77,Pacific,6,1Rd,0.27
77,Olympia,7,1Rd,0.621
77,Olympia,21,1Si,0.355
77,Pacific,2,1Si,0.107
77,Pacific,7,1Wh,0.143
77,Olympia,8,1Wh,0.278
77,Pacific,11,2Bl,0.177
77,Olympia,12,2Bl,0.722
77,Pacific,8,2Gr,0.391
77,Olympia,9,2Gr,0.551
77,Pacific,12,2Or,0.188
77,Olympia,13,2Or,0.55
77,Pacific,10,2Pu,0.213
77,Olympia,11,2Pu,0.889
77,Pacific,13,2Rd,0.164
77,Olympia,15,2Rd,0.454
77,Olympia,22,2Si,0.484
77,Pacific,9,2Si,0.277
77,Pacific,14,2Wh,0.276
77,Olympia,16,2Wh,0.402
77,Olympia,20,3Bl,0.793
77,Pacific,18,3Bl,0.329
77,Pacific,15,3Gr,0.392
77,Olympia,17,3Gr,0.785
77,Olympia,23,3Or,0.684
77,Pacific,19,3Or,0.258
77,Pacific,17,3Pu,0.389
77,Olympia,19,3Pu,0.614
77,Pacific,20,3Rd,0.416
77,Olympia,24,3Rd,0.892
81,Pacific,5,1Or,0.114
82,Pacific,5,1Or,0.115
83,Pacific,5,1Or,0.205
84,Pacific,5,1Or,0.091
85,Pacific,5,1Or,0.232
57,Pacific,16,3Si,0.24
58,Pacific,16,3Si,0.47
78,Olympia,5,1Or,0.328
78,Pacific,3,1Pu,0.171
78,Olympia,3,1Pu,0.486
78,Pacific,6,1Rd,0.139
78,Olympia,7,1Rd,0.374
78,Olympia,21,1Si,0.581
78,Pacific,2,1Si,0.159
78,Pacific,7,1Wh,0.196
78,Olympia,8,1Wh,0.405
78,Pacific,11,2Bl,0.296
78,Olympia,12,2Bl,0.34
78,Pacific,8,2Gr,0.249
78,Olympia,9,2Gr,0.496
78,Pacific,12,2Or,0.198
78,Olympia,13,2Or,0.401
78,Pacific,10,2Pu,0.379
78,Olympia,11,2Pu,0.641
78,Pacific,13,2Rd,0.145
78,Olympia,15,2Rd,0.412
78,Olympia,22,2Si,0.503
78,Pacific,9,2Si,0.179
78,Pacific,14,2Wh,0.215
78,Olympia,16,2Wh,0.422
78,Olympia,20,3Bl,0.623
78,Pacific,18,3Bl,0.274
78,Pacific,15,3Gr,0.436
78,Olympia,17,3Gr,0.746
78,Olympia,23,3Or,0.6
78,Pacific,19,3Or,0.215
78,Pacific,17,3Pu,0.301
78,Olympia,19,3Pu,0.794
78,Pacific,20,3Rd,0.377
78,Olympia,24,3Rd,0.839
59,Pacific,16,3Si,0.24
60,Olympia,24,3Rd,1.006
61,Pacific,16,3Si,0.33
62,Pacific,16,3Si,0.35
63,Pacific,16,3Si,0.15
64,Pacific,16,3Si,0.34
65,Pacific,16,3Si,0.13
79,Olympia,5,1Or,0.204
79,Pacific,3,1Pu,0.106
79,Olympia,3,1Pu,0.685
79,Pacific,6,1Rd,0.16
79,Olympia,7,1Rd,0.391
79,Olympia,21,1Si,0.461
79,Pacific,2,1Si,0.126
79,Pacific,7,1Wh,0.201
79,Olympia,8,1Wh,0.219
79,Pacific,11,2Bl,0.181
79,Olympia,12,2Bl,0.552
79,Pacific,8,2Gr,0.103
79,Olympia,9,2Gr,0.712
79,Pacific,12,2Or,0.284
79,Olympia,13,2Or,0.574
79,Pacific,10,2Pu,0.126
79,Olympia,11,2Pu,0.411
79,Pacific,13,2Rd,0.161
79,Olympia,15,2Rd,0.232
79,Olympia,22,2Si,0.496
79,Pacific,9,2Si,0.118
79,Pacific,14,2Wh,0.314
79,Olympia,16,2Wh,0.56
79,Olympia,20,3Bl,0.435
79,Pacific,18,3Bl,0.406
79,Pacific,15,3Gr,0.36
79,Olympia,17,3Gr,0.465
79,Olympia,23,3Or,1.064
79,Pacific,19,3Or,0.272
79,Pacific,17,3Pu,0.147
79,Olympia,19,3Pu,0.474
79,Pacific,20,3Rd,0.372
79,Olympia,24,3Rd,0.32
66,Pacific,16,3Si,0.18
67,Pacific,16,3Si,0.44
68,Pacific,16,3Si,0.18
69,Pacific,16,3Si,0.28
70,Pacific,16,3Si,0.24
71,Pacific,16,3Si,0.11
72,Pacific,16,3Si,0.49
80,Olympia,5,1Or,0.202
80,Pacific,3,1Pu,0.139
80,Olympia,3,1Pu,0.207
80,Pacific,6,1Rd,0.175
80,Olympia,7,1Rd,0.43
80,Olympia,21,1Si,0.205
80,Pacific,2,1Si,0.134
80,Pacific,7,1Wh,0.136
80,Olympia,8,1Wh,1.078
80,Pacific,11,2Bl,0.156
80,Olympia,12,2Bl,0.268
80,Pacific,8,2Gr,0.215
80,Olympia,9,2Gr,0.53
80,Pacific,12,2Or,0.147
80,Olympia,13,2Or,0.342
80,Pacific,10,2Pu,0.231
80,Olympia,11,2Pu,0.293
80,Pacific,13,2Rd,0.162
80,Olympia,15,2Rd,0.389
80,Olympia,22,2Si,0.443
80,Pacific,9,2Si,0.224
80,Pacific,14,2Wh,0.381
80,Olympia,16,2Wh,0.151
80,Olympia,20,3Bl,0.325
80,Pacific,18,3Bl,0.344
80,Pacific,15,3Gr,0.191
80,Olympia,17,3Gr,0.584
80,Olympia,23,3Or,0.344
80,Pacific,19,3Or,0.246
80,Pacific,17,3Pu,0.245
80,Olympia,19,3Pu,0.589
80,Pacific,20,3Rd,0.599
80,Olympia,24,3Rd,0.228
73,Pacific,16,3Si,0.1
74,Pacific,16,3Si,0.24
75,Pacific,16,3Si,0.703
76,Olympia,24,3Rd,0.584
77,Pacific,16,3Si,0.375
78,Pacific,16,3Si,0.301
79,Pacific,16,3Si,0.281
81,Olympia,5,1Or,0.471
81,Pacific,3,1Pu,0.119
81,Olympia,3,1Pu,0.396
81,Pacific,6,1Rd,0.101
81,Olympia,7,1Rd,0.407
81,Olympia,21,1Si,0.297
81,Pacific,2,1Si,0.122
81,Pacific,7,1Wh,0.191
81,Olympia,8,1Wh,0.399
81,Pacific,11,2Bl,0.304
81,Olympia,12,2Bl,0.324
81,Pacific,8,2Gr,0.192
81,Olympia,9,2Gr,0.204
81,Pacific,12,2Or,0.196
81,Olympia,13,2Or,0.199
81,Pacific,10,2Pu,0.314
81,Olympia,11,2Pu,0.281
81,Pacific,13,2Rd,0.126
81,Olympia,15,2Rd,0.171
81,Olympia,22,2Si,0.626
81,Pacific,9,2Si,0.148
81,Pacific,14,2Wh,0.296
81,Olympia,16,2Wh,0.216
81,Olympia,20,3Bl,0.254
81,Pacific,18,3Bl,0.348
81,Pacific,15,3Gr,0.495
81,Olympia,17,3Gr,0.165
81,Olympia,23,3Or,0.164
81,Pacific,19,3Or,0.378
81,Pacific,17,3Pu,0.302
81,Olympia,19,3Pu,0.341
81,Pacific,20,3Rd,0.296
81,Olympia,24,3Rd,0.104
80,Pacific,16,3Si,0.402
81,Pacific,16,3Si,0.305
82,Olympia,5,1Or,0.187
83,Olympia,5,1Or,0.321
84,Olympia,5,1Or,0.836
85,Olympia,5,1Or,0.41
57,Olympia,25,3Si,0.852
82,Pacific,3,1Pu,0.134
82,Olympia,3,1Pu,0.296
82,Pacific,6,1Rd,0.12
82,Olympia,7,1Rd,0.143
82,Olympia,21,1Si,0.162
82,Pacific,2,1Si,0.132
82,Pacific,7,1Wh,0.12
82,Olympia,8,1Wh,0.156
82,Pacific,11,2Bl,0.114
82,Olympia,12,2Bl,0.394
82,Pacific,8,2Gr,0.186
82,Olympia,9,2Gr,0.146
82,Pacific,12,2Or,0.174
82,Olympia,13,2Or,0.201
82,Pacific,10,2Pu,0.19
82,Olympia,11,2Pu,0.458
82,Pacific,13,2Rd,0.278
82,Olympia,15,2Rd,0.148
82,Olympia,22,2Si,0.275
82,Pacific,9,2Si,0.212
82,Pacific,14,2Wh,0.235
82,Olympia,16,2Wh,0.235
82,Olympia,20,3Bl,0.105
82,Pacific,18,3Bl,0.303
82,Pacific,15,3Gr,0.251
82,Olympia,17,3Gr,0.3
82,Olympia,23,3Or,0.198
82,Pacific,19,3Or,0.242
82,Pacific,17,3Pu,0.231
82,Olympia,19,3Pu,0.158
82,Pacific,20,3Rd,0.453
82,Olympia,24,3Rd,0.347
82,Pacific,16,3Si,0.271
58,Olympia,25,3Si,0.548
59,Olympia,25,3Si,0.492
60,Olympia,25,3Si,0.915
61,Olympia,25,3Si,0.496
62,Olympia,25,3Si,0.91
63,Olympia,25,3Si,0.649
64,Olympia,25,3Si,0.429
83,Pacific,3,1Pu,0.167
83,Olympia,3,1Pu,0.225
83,Pacific,6,1Rd,0.219
83,Olympia,7,1Rd,0.709
83,Olympia,21,1Si,0.756
83,Pacific,2,1Si,0.241
83,Pacific,7,1Wh,0.391
83,Olympia,8,1Wh,0.117
83,Pacific,11,2Bl,0.305
83,Olympia,12,2Bl,0.862
83,Pacific,8,2Gr,0.329
83,Olympia,9,2Gr,0.7
83,Pacific,12,2Or,0.28
83,Olympia,13,2Or,0.154
83,Pacific,10,2Pu,0.311
83,Olympia,11,2Pu,0.79
83,Pacific,13,2Rd,0.319
83,Olympia,15,2Rd,0.435
83,Olympia,22,2Si,0.604
83,Pacific,9,2Si,0.295
83,Pacific,14,2Wh,307
83,Olympia,16,2Wh,0.396
83,Olympia,20,3Bl,0.707
83,Pacific,18,3Bl,0.42
83,Pacific,15,3Gr,0.364
83,Olympia,17,3Gr,0.729
83,Olympia,23,3Or,0.153
83,Pacific,19,3Or,0.378
83,Pacific,17,3Pu,0.311
83,Olympia,19,3Pu,0.474
83,Pacific,20,3Rd,0.331
83,Olympia,24,3Rd,0.259
83,Pacific,16,3Si,0.609
65,Olympia,25,3Si,0.788
66,Olympia,25,3Si,0.702
67,Olympia,25,3Si,0.253
68,Olympia,25,3Si,0.162
69,Olympia,25,3Si,1.022
70,Olympia,25,3Si,0.614
71,Olympia,25,3Si,1.097
84,Pacific,3,1Pu,0.116
84,Olympia,3,1Pu,0.833
84,Pacific,6,1Rd,0.086
84,Olympia,7,1Rd,0.557
84,Olympia,21,1Si,0.281
84,Pacific,2,1Si,0.112
84,Pacific,7,1Wh,0.126
84,Olympia,8,1Wh,0.206
84,Pacific,11,2Bl,0.138
84,Olympia,12,2Bl,0.141
84,Pacific,8,2Gr,0.24
84,Olympia,9,2Gr,0.385
84,Pacific,12,2Or,0.047
84,Olympia,13,2Or,0.322
84,Pacific,10,2Pu,0.175
84,Olympia,11,2Pu,0.173
84,Pacific,13,2Rd,0.154
84,Olympia,15,2Rd,0.576
84,Olympia,22,2Si,0.327
84,Pacific,9,2Si,0.186
84,Pacific,14,2Wh,0.136
84,Olympia,16,2Wh,0.174
84,Olympia,20,3Bl,0.647
84,Pacific,18,3Bl,0.194
84,Pacific,15,3Gr,0.232
84,Olympia,17,3Gr,0.177
84,Olympia,23,3Or,0.226
84,Pacific,19,3Or,0.183
84,Pacific,17,3Pu,0.261
84,Olympia,19,3Pu,0.382
84,Pacific,20,3Rd,0.236
84,Olympia,24,3Rd,0.361
84,Pacific,16,3Si,0.356
72,Olympia,25,3Si,0.223
73,Olympia,25,3Si,0.304
74,Olympia,25,3Si,0.529
75,Olympia,25,3Si,0.636
76,Olympia,25,3Si,0.619
77,Olympia,25,3Si,0.548
78,Olympia,25,3Si,0.722
85,Pacific,3,1Pu,0.198
85,Olympia,3,1Pu,0.314
85,Pacific,6,1Rd,0.158
85,Olympia,7,1Rd,0.375
85,Olympia,21,1Si,0.295
85,Pacific,2,1Si,0.213
85,Pacific,7,1Wh,0.243
85,Olympia,8,1Wh,0.316
85,Pacific,11,2Bl,0.314
85,Olympia,12,2Bl,0.297
85,Pacific,8,2Gr,0.225
85,Olympia,9,2Gr,0.404
85,Pacific,12,2Or,0.378
85,Olympia,13,2Or,0.462
85,Pacific,10,2Pu,0.204
85,Olympia,11,2Pu,0.51
85,Pacific,13,2Rd,0.255
85,Olympia,15,2Rd,0.435
85,Olympia,22,2Si,0.476
85,Pacific,9,2Si,0.242
85,Pacific,14,2Wh,0.326
85,Olympia,16,2Wh,0.36
85,Olympia,20,3Bl,0.365
85,Pacific,18,3Bl,0.237
85,Pacific,15,3Gr,0.361
85,Olympia,17,3Gr,1.039
85,Olympia,23,3Or,0.929
85,Pacific,19,3Or,0.36
85,Pacific,17,3Pu,0.318
85,Olympia,19,3Pu,0.57
85,Pacific,20,3Rd,0.285
85,Olympia,24,3Rd,0.844
85,Pacific,16,3Si,0.409
79,Olympia,25,3Si,0.832
80,Olympia,25,3Si,0.313
81,Olympia,25,3Si,0.301
82,Olympia,25,3Si,0.317
83,Olympia,25,3Si,0.68
84,Olympia,25,3Si,0.173
85,Olympia,25,3Si,1.025
